{"providers":[{"type":"bitmap","file":"happyhud:font/assets/death-message/outline.png","height":12,"ascent":-221500,"chars":[""]},{"type":"bitmap","file":"happyhud:font/assets/death-message/icon.png","height":16,"ascent":-226500,"chars":[""]},{"type":"bitmap","file":"happyhud:font/assets/death-message/outline.png","height":12,"ascent":-227500,"chars":[""]},{"type":"bitmap","file":"happyhud:font/assets/death-message/icon.png","height":16,"ascent":-232500,"chars":[""]},{"type":"bitmap","file":"happyhud:font/assets/death-message/outline.png","height":12,"ascent":-233500,"chars":[""]},{"type":"bitmap","file":"happyhud:font/assets/death-message/icon.png","height":16,"ascent":-238500,"chars":[""]},{"type":"bitmap","file":"happyhud:font/assets/death-message/outline.png","height":12,"ascent":-239500,"chars":[""]},{"type":"bitmap","file":"happyhud:font/assets/death-message/icon.png","height":16,"ascent":-244500,"chars":[""]},{"type":"bitmap","file":"happyhud:font/assets/death-message/outline.png","height":12,"ascent":-245500,"chars":[""]},{"type":"bitmap","file":"happyhud:font/assets/death-message/icon.png","height":16,"ascent":-250500,"chars":[""]}]}