{"providers":[{"type":"bitmap","file":"happyhud:font/assets/vanilla/exp_bar_short_outline.png","height":5,"ascent":-190500,"chars":[""]},{"type":"bitmap","file":"happyhud:font/assets/vanilla/exp_bar_short_fill/horizontal/13/1.png","height":5,"ascent":-191500,"chars":[""]},{"type":"bitmap","file":"happyhud:font/assets/vanilla/exp_bar_short_fill/horizontal/13/2.png","height":5,"ascent":-191500,"chars":[""]},{"type":"bitmap","file":"happyhud:font/assets/vanilla/exp_bar_short_fill/horizontal/13/3.png","height":5,"ascent":-191500,"chars":[""]},{"type":"bitmap","file":"happyhud:font/assets/vanilla/exp_bar_short_fill/horizontal/13/4.png","height":5,"ascent":-191500,"chars":[""]},{"type":"bitmap","file":"happyhud:font/assets/vanilla/exp_bar_short_fill/horizontal/13/5.png","height":5,"ascent":-191500,"chars":[""]},{"type":"bitmap","file":"happyhud:font/assets/vanilla/exp_bar_short_fill/horizontal/13/6.png","height":5,"ascent":-191500,"chars":[""]},{"type":"bitmap","file":"happyhud:font/assets/vanilla/exp_bar_short_fill/horizontal/13/7.png","height":5,"ascent":-191500,"chars":[""]},{"type":"bitmap","file":"happyhud:font/assets/vanilla/exp_bar_short_fill/horizontal/13/8.png","height":5,"ascent":-191500,"chars":[""]},{"type":"bitmap","file":"happyhud:font/assets/vanilla/exp_bar_short_fill/horizontal/13/9.png","height":5,"ascent":-191500,"chars":[""]},{"type":"bitmap","file":"happyhud:font/assets/vanilla/exp_bar_short_fill/horizontal/13/10.png","height":5,"ascent":-191500,"chars":[""]},{"type":"bitmap","file":"happyhud:font/assets/vanilla/exp_bar_short_fill/horizontal/13/11.png","height":5,"ascent":-191500,"chars":[""]},{"type":"bitmap","file":"happyhud:font/assets/vanilla/exp_bar_short_fill/horizontal/13/12.png","height":5,"ascent":-191500,"chars":[""]},{"type":"bitmap","file":"happyhud:font/assets/vanilla/exp_bar_short_fill/horizontal/13/13.png","height":5,"ascent":-191500,"chars":[""]},{"type":"bitmap","file":"happyhud:font/assets/vanilla/air.png","height":9,"ascent":-192500,"chars":[""]},{"type":"bitmap","file":"happyhud:font/assets/vanilla/exp_bar_short_outline.png","height":5,"ascent":-193500,"chars":[""]},{"type":"bitmap","file":"happyhud:font/assets/vanilla/exp_bar_short_fill/horizontal/13/1.png","height":5,"ascent":-194500,"chars":[""]},{"type":"bitmap","file":"happyhud:font/assets/vanilla/exp_bar_short_fill/horizontal/13/2.png","height":5,"ascent":-194500,"chars":[""]},{"type":"bitmap","file":"happyhud:font/assets/vanilla/exp_bar_short_fill/horizontal/13/3.png","height":5,"ascent":-194500,"chars":[""]},{"type":"bitmap","file":"happyhud:font/assets/vanilla/exp_bar_short_fill/horizontal/13/4.png","height":5,"ascent":-194500,"chars":[""]},{"type":"bitmap","file":"happyhud:font/assets/vanilla/exp_bar_short_fill/horizontal/13/5.png","height":5,"ascent":-194500,"chars":[""]},{"type":"bitmap","file":"happyhud:font/assets/vanilla/exp_bar_short_fill/horizontal/13/6.png","height":5,"ascent":-194500,"chars":[""]},{"type":"bitmap","file":"happyhud:font/assets/vanilla/exp_bar_short_fill/horizontal/13/7.png","height":5,"ascent":-194500,"chars":[""]},{"type":"bitmap","file":"happyhud:font/assets/vanilla/exp_bar_short_fill/horizontal/13/8.png","height":5,"ascent":-194500,"chars":[""]},{"type":"bitmap","file":"happyhud:font/assets/vanilla/exp_bar_short_fill/horizontal/13/9.png","height":5,"ascent":-194500,"chars":[""]},{"type":"bitmap","file":"happyhud:font/assets/vanilla/exp_bar_short_fill/horizontal/13/10.png","height":5,"ascent":-194500,"chars":[""]},{"type":"bitmap","file":"happyhud:font/assets/vanilla/exp_bar_short_fill/horizontal/13/11.png","height":5,"ascent":-194500,"chars":[""]},{"type":"bitmap","file":"happyhud:font/assets/vanilla/exp_bar_short_fill/horizontal/13/12.png","height":5,"ascent":-194500,"chars":[""]},{"type":"bitmap","file":"happyhud:font/assets/vanilla/exp_bar_short_fill/horizontal/13/13.png","height":5,"ascent":-194500,"chars":[""]},{"type":"bitmap","file":"happyhud:font/assets/vanilla/armor.png","height":9,"ascent":-195500,"chars":[""]},{"type":"bitmap","file":"happyhud:font/assets/vanilla/exp_bar_short_outline.png","height":5,"ascent":-196500,"chars":[""]},{"type":"bitmap","file":"happyhud:font/assets/vanilla/exp_bar_short_fill/horizontal/13/1.png","height":5,"ascent":-197500,"chars":[""]},{"type":"bitmap","file":"happyhud:font/assets/vanilla/exp_bar_short_fill/horizontal/13/2.png","height":5,"ascent":-197500,"chars":[""]},{"type":"bitmap","file":"happyhud:font/assets/vanilla/exp_bar_short_fill/horizontal/13/3.png","height":5,"ascent":-197500,"chars":[""]},{"type":"bitmap","file":"happyhud:font/assets/vanilla/exp_bar_short_fill/horizontal/13/4.png","height":5,"ascent":-197500,"chars":[""]},{"type":"bitmap","file":"happyhud:font/assets/vanilla/exp_bar_short_fill/horizontal/13/5.png","height":5,"ascent":-197500,"chars":[""]},{"type":"bitmap","file":"happyhud:font/assets/vanilla/exp_bar_short_fill/horizontal/13/6.png","height":5,"ascent":-197500,"chars":[""]},{"type":"bitmap","file":"happyhud:font/assets/vanilla/exp_bar_short_fill/horizontal/13/7.png","height":5,"ascent":-197500,"chars":[""]},{"type":"bitmap","file":"happyhud:font/assets/vanilla/exp_bar_short_fill/horizontal/13/8.png","height":5,"ascent":-197500,"chars":[""]},{"type":"bitmap","file":"happyhud:font/assets/vanilla/exp_bar_short_fill/horizontal/13/9.png","height":5,"ascent":-197500,"chars":[""]},{"type":"bitmap","file":"happyhud:font/assets/vanilla/exp_bar_short_fill/horizontal/13/10.png","height":5,"ascent":-197500,"chars":[""]},{"type":"bitmap","file":"happyhud:font/assets/vanilla/exp_bar_short_fill/horizontal/13/11.png","height":5,"ascent":-197500,"chars":[""]},{"type":"bitmap","file":"happyhud:font/assets/vanilla/exp_bar_short_fill/horizontal/13/12.png","height":5,"ascent":-197500,"chars":[""]},{"type":"bitmap","file":"happyhud:font/assets/vanilla/exp_bar_short_fill/horizontal/13/13.png","height":5,"ascent":-197500,"chars":[""]},{"type":"bitmap","file":"happyhud:font/assets/vanilla/food.png","height":9,"ascent":-198500,"chars":[""]},{"type":"bitmap","file":"happyhud:font/assets/vanilla/exp_bar_short_outline.png","height":5,"ascent":-199500,"chars":[""]},{"type":"bitmap","file":"happyhud:font/assets/vanilla/exp_bar_short_fill/horizontal/13/1.png","height":5,"ascent":-200500,"chars":[""]},{"type":"bitmap","file":"happyhud:font/assets/vanilla/exp_bar_short_fill/horizontal/13/2.png","height":5,"ascent":-200500,"chars":[""]},{"type":"bitmap","file":"happyhud:font/assets/vanilla/exp_bar_short_fill/horizontal/13/3.png","height":5,"ascent":-200500,"chars":[""]},{"type":"bitmap","file":"happyhud:font/assets/vanilla/exp_bar_short_fill/horizontal/13/4.png","height":5,"ascent":-200500,"chars":[""]},{"type":"bitmap","file":"happyhud:font/assets/vanilla/exp_bar_short_fill/horizontal/13/5.png","height":5,"ascent":-200500,"chars":[""]},{"type":"bitmap","file":"happyhud:font/assets/vanilla/exp_bar_short_fill/horizontal/13/6.png","height":5,"ascent":-200500,"chars":[""]},{"type":"bitmap","file":"happyhud:font/assets/vanilla/exp_bar_short_fill/horizontal/13/7.png","height":5,"ascent":-200500,"chars":[""]},{"type":"bitmap","file":"happyhud:font/assets/vanilla/exp_bar_short_fill/horizontal/13/8.png","height":5,"ascent":-200500,"chars":[""]},{"type":"bitmap","file":"happyhud:font/assets/vanilla/exp_bar_short_fill/horizontal/13/9.png","height":5,"ascent":-200500,"chars":[""]},{"type":"bitmap","file":"happyhud:font/assets/vanilla/exp_bar_short_fill/horizontal/13/10.png","height":5,"ascent":-200500,"chars":[""]},{"type":"bitmap","file":"happyhud:font/assets/vanilla/exp_bar_short_fill/horizontal/13/11.png","height":5,"ascent":-200500,"chars":[""]},{"type":"bitmap","file":"happyhud:font/assets/vanilla/exp_bar_short_fill/horizontal/13/12.png","height":5,"ascent":-200500,"chars":[""]},{"type":"bitmap","file":"happyhud:font/assets/vanilla/exp_bar_short_fill/horizontal/13/13.png","height":5,"ascent":-200500,"chars":[""]},{"type":"bitmap","file":"happyhud:font/assets/vanilla/heart.png","height":9,"ascent":-201500,"chars":[""]}]}