{"providers":[{"type":"bitmap","file":"happyhud:font/assets/foster_hotbar/mana_outline.png","height":19,"ascent":-170500,"chars":[""]},{"type":"bitmap","file":"happyhud:font/assets/foster_hotbar/mana_fill/horizontal/18/1.png","height":3,"ascent":-171500,"chars":[""]},{"type":"bitmap","file":"happyhud:font/assets/foster_hotbar/mana_fill/horizontal/18/2.png","height":3,"ascent":-171500,"chars":[""]},{"type":"bitmap","file":"happyhud:font/assets/foster_hotbar/mana_fill/horizontal/18/3.png","height":3,"ascent":-171500,"chars":[""]},{"type":"bitmap","file":"happyhud:font/assets/foster_hotbar/mana_fill/horizontal/18/4.png","height":3,"ascent":-171500,"chars":[""]},{"type":"bitmap","file":"happyhud:font/assets/foster_hotbar/mana_fill/horizontal/18/5.png","height":3,"ascent":-171500,"chars":[""]},{"type":"bitmap","file":"happyhud:font/assets/foster_hotbar/mana_fill/horizontal/18/6.png","height":3,"ascent":-171500,"chars":[""]},{"type":"bitmap","file":"happyhud:font/assets/foster_hotbar/mana_fill/horizontal/18/7.png","height":3,"ascent":-171500,"chars":[""]},{"type":"bitmap","file":"happyhud:font/assets/foster_hotbar/mana_fill/horizontal/18/8.png","height":3,"ascent":-171500,"chars":[""]},{"type":"bitmap","file":"happyhud:font/assets/foster_hotbar/mana_fill/horizontal/18/9.png","height":3,"ascent":-171500,"chars":[""]},{"type":"bitmap","file":"happyhud:font/assets/foster_hotbar/mana_fill/horizontal/18/10.png","height":3,"ascent":-171500,"chars":[""]},{"type":"bitmap","file":"happyhud:font/assets/foster_hotbar/mana_fill/horizontal/18/11.png","height":3,"ascent":-171500,"chars":[""]},{"type":"bitmap","file":"happyhud:font/assets/foster_hotbar/mana_fill/horizontal/18/12.png","height":3,"ascent":-171500,"chars":[""]},{"type":"bitmap","file":"happyhud:font/assets/foster_hotbar/mana_fill/horizontal/18/13.png","height":3,"ascent":-171500,"chars":[""]},{"type":"bitmap","file":"happyhud:font/assets/foster_hotbar/mana_fill/horizontal/18/14.png","height":3,"ascent":-171500,"chars":[""]},{"type":"bitmap","file":"happyhud:font/assets/foster_hotbar/mana_fill/horizontal/18/15.png","height":3,"ascent":-171500,"chars":[""]},{"type":"bitmap","file":"happyhud:font/assets/foster_hotbar/mana_fill/horizontal/18/16.png","height":3,"ascent":-171500,"chars":[""]},{"type":"bitmap","file":"happyhud:font/assets/foster_hotbar/mana_fill/horizontal/18/17.png","height":3,"ascent":-171500,"chars":[""]},{"type":"bitmap","file":"happyhud:font/assets/foster_hotbar/mana_fill/horizontal/18/18.png","height":3,"ascent":-171500,"chars":[""]},{"type":"bitmap","file":"happyhud:font/assets/foster_hotbar/hotbar_top.png","height":35,"ascent":-172500,"chars":[""]},{"type":"bitmap","file":"happyhud:font/assets/foster_hotbar/hearth_fill/horizontal/18/1.png","height":5,"ascent":-173500,"chars":[""]},{"type":"bitmap","file":"happyhud:font/assets/foster_hotbar/hearth_fill/horizontal/18/2.png","height":5,"ascent":-173500,"chars":[""]},{"type":"bitmap","file":"happyhud:font/assets/foster_hotbar/hearth_fill/horizontal/18/3.png","height":5,"ascent":-173500,"chars":[""]},{"type":"bitmap","file":"happyhud:font/assets/foster_hotbar/hearth_fill/horizontal/18/4.png","height":5,"ascent":-173500,"chars":[""]},{"type":"bitmap","file":"happyhud:font/assets/foster_hotbar/hearth_fill/horizontal/18/5.png","height":5,"ascent":-173500,"chars":[""]},{"type":"bitmap","file":"happyhud:font/assets/foster_hotbar/hearth_fill/horizontal/18/6.png","height":5,"ascent":-173500,"chars":[""]},{"type":"bitmap","file":"happyhud:font/assets/foster_hotbar/hearth_fill/horizontal/18/7.png","height":5,"ascent":-173500,"chars":[""]},{"type":"bitmap","file":"happyhud:font/assets/foster_hotbar/hearth_fill/horizontal/18/8.png","height":5,"ascent":-173500,"chars":[""]},{"type":"bitmap","file":"happyhud:font/assets/foster_hotbar/hearth_fill/horizontal/18/9.png","height":5,"ascent":-173500,"chars":[""]},{"type":"bitmap","file":"happyhud:font/assets/foster_hotbar/hearth_fill/horizontal/18/10.png","height":5,"ascent":-173500,"chars":[""]},{"type":"bitmap","file":"happyhud:font/assets/foster_hotbar/hearth_fill/horizontal/18/11.png","height":5,"ascent":-173500,"chars":[""]},{"type":"bitmap","file":"happyhud:font/assets/foster_hotbar/hearth_fill/horizontal/18/12.png","height":5,"ascent":-173500,"chars":[""]},{"type":"bitmap","file":"happyhud:font/assets/foster_hotbar/hearth_fill/horizontal/18/13.png","height":5,"ascent":-173500,"chars":[""]},{"type":"bitmap","file":"happyhud:font/assets/foster_hotbar/hearth_fill/horizontal/18/14.png","height":5,"ascent":-173500,"chars":[""]},{"type":"bitmap","file":"happyhud:font/assets/foster_hotbar/hearth_fill/horizontal/18/15.png","height":5,"ascent":-173500,"chars":[""]},{"type":"bitmap","file":"happyhud:font/assets/foster_hotbar/hearth_fill/horizontal/18/16.png","height":5,"ascent":-173500,"chars":[""]},{"type":"bitmap","file":"happyhud:font/assets/foster_hotbar/hearth_fill/horizontal/18/17.png","height":5,"ascent":-173500,"chars":[""]},{"type":"bitmap","file":"happyhud:font/assets/foster_hotbar/hearth_fill/horizontal/18/18.png","height":5,"ascent":-173500,"chars":[""]},{"type":"bitmap","file":"happyhud:font/assets/foster_hotbar/food_fill/horizontal/18/1.png","height":4,"ascent":-174500,"chars":[""]},{"type":"bitmap","file":"happyhud:font/assets/foster_hotbar/food_fill/horizontal/18/2.png","height":4,"ascent":-174500,"chars":[""]},{"type":"bitmap","file":"happyhud:font/assets/foster_hotbar/food_fill/horizontal/18/3.png","height":4,"ascent":-174500,"chars":[""]},{"type":"bitmap","file":"happyhud:font/assets/foster_hotbar/food_fill/horizontal/18/4.png","height":4,"ascent":-174500,"chars":[""]},{"type":"bitmap","file":"happyhud:font/assets/foster_hotbar/food_fill/horizontal/18/5.png","height":4,"ascent":-174500,"chars":[""]},{"type":"bitmap","file":"happyhud:font/assets/foster_hotbar/food_fill/horizontal/18/6.png","height":4,"ascent":-174500,"chars":[""]},{"type":"bitmap","file":"happyhud:font/assets/foster_hotbar/food_fill/horizontal/18/7.png","height":4,"ascent":-174500,"chars":[""]},{"type":"bitmap","file":"happyhud:font/assets/foster_hotbar/food_fill/horizontal/18/8.png","height":4,"ascent":-174500,"chars":[""]},{"type":"bitmap","file":"happyhud:font/assets/foster_hotbar/food_fill/horizontal/18/9.png","height":4,"ascent":-174500,"chars":[""]},{"type":"bitmap","file":"happyhud:font/assets/foster_hotbar/food_fill/horizontal/18/10.png","height":4,"ascent":-174500,"chars":[""]},{"type":"bitmap","file":"happyhud:font/assets/foster_hotbar/food_fill/horizontal/18/11.png","height":4,"ascent":-174500,"chars":[""]},{"type":"bitmap","file":"happyhud:font/assets/foster_hotbar/food_fill/horizontal/18/12.png","height":4,"ascent":-174500,"chars":[""]},{"type":"bitmap","file":"happyhud:font/assets/foster_hotbar/food_fill/horizontal/18/13.png","height":4,"ascent":-174500,"chars":[""]},{"type":"bitmap","file":"happyhud:font/assets/foster_hotbar/food_fill/horizontal/18/14.png","height":4,"ascent":-174500,"chars":[""]},{"type":"bitmap","file":"happyhud:font/assets/foster_hotbar/food_fill/horizontal/18/15.png","height":4,"ascent":-174500,"chars":[""]},{"type":"bitmap","file":"happyhud:font/assets/foster_hotbar/food_fill/horizontal/18/16.png","height":4,"ascent":-174500,"chars":[""]},{"type":"bitmap","file":"happyhud:font/assets/foster_hotbar/food_fill/horizontal/18/17.png","height":4,"ascent":-174500,"chars":[""]},{"type":"bitmap","file":"happyhud:font/assets/foster_hotbar/food_fill/horizontal/18/18.png","height":4,"ascent":-174500,"chars":[""]},{"type":"bitmap","file":"happyhud:font/assets/foster_hotbar/armor_fill/horizontal/20/1.png","height":6,"ascent":-175500,"chars":[""]},{"type":"bitmap","file":"happyhud:font/assets/foster_hotbar/armor_fill/horizontal/20/2.png","height":6,"ascent":-175500,"chars":[""]},{"type":"bitmap","file":"happyhud:font/assets/foster_hotbar/armor_fill/horizontal/20/3.png","height":6,"ascent":-175500,"chars":[""]},{"type":"bitmap","file":"happyhud:font/assets/foster_hotbar/armor_fill/horizontal/20/4.png","height":6,"ascent":-175500,"chars":[""]},{"type":"bitmap","file":"happyhud:font/assets/foster_hotbar/armor_fill/horizontal/20/5.png","height":6,"ascent":-175500,"chars":[""]},{"type":"bitmap","file":"happyhud:font/assets/foster_hotbar/armor_fill/horizontal/20/6.png","height":6,"ascent":-175500,"chars":[""]},{"type":"bitmap","file":"happyhud:font/assets/foster_hotbar/armor_fill/horizontal/20/7.png","height":6,"ascent":-175500,"chars":[""]},{"type":"bitmap","file":"happyhud:font/assets/foster_hotbar/armor_fill/horizontal/20/8.png","height":6,"ascent":-175500,"chars":[""]},{"type":"bitmap","file":"happyhud:font/assets/foster_hotbar/armor_fill/horizontal/20/9.png","height":6,"ascent":-175500,"chars":[""]},{"type":"bitmap","file":"happyhud:font/assets/foster_hotbar/armor_fill/horizontal/20/10.png","height":6,"ascent":-175500,"chars":[""]},{"type":"bitmap","file":"happyhud:font/assets/foster_hotbar/armor_fill/horizontal/20/11.png","height":6,"ascent":-175500,"chars":[""]},{"type":"bitmap","file":"happyhud:font/assets/foster_hotbar/armor_fill/horizontal/20/12.png","height":6,"ascent":-175500,"chars":[""]},{"type":"bitmap","file":"happyhud:font/assets/foster_hotbar/armor_fill/horizontal/20/13.png","height":6,"ascent":-175500,"chars":[""]},{"type":"bitmap","file":"happyhud:font/assets/foster_hotbar/armor_fill/horizontal/20/14.png","height":6,"ascent":-175500,"chars":[""]},{"type":"bitmap","file":"happyhud:font/assets/foster_hotbar/armor_fill/horizontal/20/15.png","height":6,"ascent":-175500,"chars":[""]},{"type":"bitmap","file":"happyhud:font/assets/foster_hotbar/armor_fill/horizontal/20/16.png","height":6,"ascent":-175500,"chars":[""]},{"type":"bitmap","file":"happyhud:font/assets/foster_hotbar/armor_fill/horizontal/20/17.png","height":6,"ascent":-175500,"chars":[""]},{"type":"bitmap","file":"happyhud:font/assets/foster_hotbar/armor_fill/horizontal/20/18.png","height":6,"ascent":-175500,"chars":[""]},{"type":"bitmap","file":"happyhud:font/assets/foster_hotbar/armor_fill/horizontal/20/19.png","height":6,"ascent":-175500,"chars":[""]},{"type":"bitmap","file":"happyhud:font/assets/foster_hotbar/armor_fill/horizontal/20/20.png","height":6,"ascent":-175500,"chars":[""]},{"type":"bitmap","file":"happyhud:font/assets/foster_hotbar/air_fill/horizontal/reversed/10/1.png","height":5,"ascent":-176500,"chars":[""]},{"type":"bitmap","file":"happyhud:font/assets/foster_hotbar/air_fill/horizontal/reversed/10/2.png","height":5,"ascent":-177500,"chars":[""]},{"type":"bitmap","file":"happyhud:font/assets/foster_hotbar/air_fill/horizontal/reversed/10/3.png","height":5,"ascent":-178500,"chars":[""]},{"type":"bitmap","file":"happyhud:font/assets/foster_hotbar/air_fill/horizontal/reversed/10/4.png","height":5,"ascent":-179500,"chars":[""]},{"type":"bitmap","file":"happyhud:font/assets/foster_hotbar/air_fill/horizontal/reversed/10/5.png","height":5,"ascent":-180500,"chars":[""]},{"type":"bitmap","file":"happyhud:font/assets/foster_hotbar/air_fill/horizontal/reversed/10/6.png","height":5,"ascent":-181500,"chars":[""]},{"type":"bitmap","file":"happyhud:font/assets/foster_hotbar/air_fill/horizontal/reversed/10/7.png","height":5,"ascent":-182500,"chars":[""]},{"type":"bitmap","file":"happyhud:font/assets/foster_hotbar/air_fill/horizontal/reversed/10/8.png","height":5,"ascent":-183500,"chars":[""]},{"type":"bitmap","file":"happyhud:font/assets/foster_hotbar/air_fill/horizontal/reversed/10/9.png","height":5,"ascent":-184500,"chars":[""]},{"type":"bitmap","file":"happyhud:font/assets/foster_hotbar/air_fill/horizontal/reversed/10/10.png","height":5,"ascent":-185500,"chars":[""]},{"type":"bitmap","file":"happyhud:font/assets/foster_hotbar/hotbar.png","height":52,"ascent":-186500,"chars":[""]},{"type":"bitmap","file":"happyhud:font/assets/foster_hotbar/exp_fill/horizontal/16/1.png","height":3,"ascent":-189500,"chars":[""]},{"type":"bitmap","file":"happyhud:font/assets/foster_hotbar/exp_fill/horizontal/16/2.png","height":3,"ascent":-189500,"chars":[""]},{"type":"bitmap","file":"happyhud:font/assets/foster_hotbar/exp_fill/horizontal/16/3.png","height":3,"ascent":-189500,"chars":[""]},{"type":"bitmap","file":"happyhud:font/assets/foster_hotbar/exp_fill/horizontal/16/4.png","height":3,"ascent":-189500,"chars":[""]},{"type":"bitmap","file":"happyhud:font/assets/foster_hotbar/exp_fill/horizontal/16/5.png","height":3,"ascent":-189500,"chars":[""]},{"type":"bitmap","file":"happyhud:font/assets/foster_hotbar/exp_fill/horizontal/16/6.png","height":3,"ascent":-189500,"chars":[""]},{"type":"bitmap","file":"happyhud:font/assets/foster_hotbar/exp_fill/horizontal/16/7.png","height":3,"ascent":-189500,"chars":[""]},{"type":"bitmap","file":"happyhud:font/assets/foster_hotbar/exp_fill/horizontal/16/8.png","height":3,"ascent":-189500,"chars":[""]},{"type":"bitmap","file":"happyhud:font/assets/foster_hotbar/exp_fill/horizontal/16/9.png","height":3,"ascent":-189500,"chars":[""]},{"type":"bitmap","file":"happyhud:font/assets/foster_hotbar/exp_fill/horizontal/16/10.png","height":3,"ascent":-189500,"chars":[""]},{"type":"bitmap","file":"happyhud:font/assets/foster_hotbar/exp_fill/horizontal/16/11.png","height":3,"ascent":-189500,"chars":[""]},{"type":"bitmap","file":"happyhud:font/assets/foster_hotbar/exp_fill/horizontal/16/12.png","height":3,"ascent":-189500,"chars":[""]},{"type":"bitmap","file":"happyhud:font/assets/foster_hotbar/exp_fill/horizontal/16/13.png","height":3,"ascent":-189500,"chars":[""]},{"type":"bitmap","file":"happyhud:font/assets/foster_hotbar/exp_fill/horizontal/16/14.png","height":3,"ascent":-189500,"chars":[""]},{"type":"bitmap","file":"happyhud:font/assets/foster_hotbar/exp_fill/horizontal/16/15.png","height":3,"ascent":-189500,"chars":[""]},{"type":"bitmap","file":"happyhud:font/assets/foster_hotbar/exp_fill/horizontal/16/16.png","height":3,"ascent":-189500,"chars":[""]}]}