{"providers":[{"type":"bitmap","file":"happyhud:font/assets/mmohud/background_coin_3.png","height":11,"ascent":-100500,"chars":[""]},{"type":"bitmap","file":"happyhud:font/assets/mmohud/background_coin_2.png","height":11,"ascent":-101500,"chars":[""]},{"type":"bitmap","file":"happyhud:font/assets/mmohud/background_coin_1.png","height":11,"ascent":-102500,"chars":[""]},{"type":"bitmap","file":"happyhud:font/assets/mmohud/background_coin_1.png","height":11,"ascent":-103500,"chars":[""]},{"type":"bitmap","file":"happyhud:font/assets/mmohud/icon_coin.png","height":7,"ascent":-108500,"chars":[""]},{"type":"bitmap","file":"happyhud:font/assets/mmohud/background_level.png","height":10,"ascent":-109500,"chars":[""]},{"type":"bitmap","file":"happyhud:font/assets/mmohud/bar_outline_exp.png","height":5,"ascent":-110500,"chars":[""]},{"type":"bitmap","file":"happyhud:font/assets/mmohud/bar_fill_exp/horizontal/43/1.png","height":3,"ascent":-111500,"chars":[""]},{"type":"bitmap","file":"happyhud:font/assets/mmohud/bar_fill_exp/horizontal/43/2.png","height":3,"ascent":-111500,"chars":[""]},{"type":"bitmap","file":"happyhud:font/assets/mmohud/bar_fill_exp/horizontal/43/3.png","height":3,"ascent":-111500,"chars":[""]},{"type":"bitmap","file":"happyhud:font/assets/mmohud/bar_fill_exp/horizontal/43/4.png","height":3,"ascent":-111500,"chars":[""]},{"type":"bitmap","file":"happyhud:font/assets/mmohud/bar_fill_exp/horizontal/43/5.png","height":3,"ascent":-111500,"chars":[""]},{"type":"bitmap","file":"happyhud:font/assets/mmohud/bar_fill_exp/horizontal/43/6.png","height":3,"ascent":-111500,"chars":[""]},{"type":"bitmap","file":"happyhud:font/assets/mmohud/bar_fill_exp/horizontal/43/7.png","height":3,"ascent":-111500,"chars":[""]},{"type":"bitmap","file":"happyhud:font/assets/mmohud/bar_fill_exp/horizontal/43/8.png","height":3,"ascent":-111500,"chars":[""]},{"type":"bitmap","file":"happyhud:font/assets/mmohud/bar_fill_exp/horizontal/43/9.png","height":3,"ascent":-111500,"chars":[""]},{"type":"bitmap","file":"happyhud:font/assets/mmohud/bar_fill_exp/horizontal/43/10.png","height":3,"ascent":-111500,"chars":[""]},{"type":"bitmap","file":"happyhud:font/assets/mmohud/bar_fill_exp/horizontal/43/11.png","height":3,"ascent":-111500,"chars":[""]},{"type":"bitmap","file":"happyhud:font/assets/mmohud/bar_fill_exp/horizontal/43/12.png","height":3,"ascent":-111500,"chars":[""]},{"type":"bitmap","file":"happyhud:font/assets/mmohud/bar_fill_exp/horizontal/43/13.png","height":3,"ascent":-111500,"chars":[""]},{"type":"bitmap","file":"happyhud:font/assets/mmohud/bar_fill_exp/horizontal/43/14.png","height":3,"ascent":-111500,"chars":[""]},{"type":"bitmap","file":"happyhud:font/assets/mmohud/bar_fill_exp/horizontal/43/15.png","height":3,"ascent":-111500,"chars":[""]},{"type":"bitmap","file":"happyhud:font/assets/mmohud/bar_fill_exp/horizontal/43/16.png","height":3,"ascent":-111500,"chars":[""]},{"type":"bitmap","file":"happyhud:font/assets/mmohud/bar_fill_exp/horizontal/43/17.png","height":3,"ascent":-111500,"chars":[""]},{"type":"bitmap","file":"happyhud:font/assets/mmohud/bar_fill_exp/horizontal/43/18.png","height":3,"ascent":-111500,"chars":[""]},{"type":"bitmap","file":"happyhud:font/assets/mmohud/bar_fill_exp/horizontal/43/19.png","height":3,"ascent":-111500,"chars":[""]},{"type":"bitmap","file":"happyhud:font/assets/mmohud/bar_fill_exp/horizontal/43/20.png","height":3,"ascent":-111500,"chars":[""]},{"type":"bitmap","file":"happyhud:font/assets/mmohud/bar_fill_exp/horizontal/43/21.png","height":3,"ascent":-111500,"chars":[""]},{"type":"bitmap","file":"happyhud:font/assets/mmohud/bar_fill_exp/horizontal/43/22.png","height":3,"ascent":-111500,"chars":[""]},{"type":"bitmap","file":"happyhud:font/assets/mmohud/bar_fill_exp/horizontal/43/23.png","height":3,"ascent":-111500,"chars":[""]},{"type":"bitmap","file":"happyhud:font/assets/mmohud/bar_fill_exp/horizontal/43/24.png","height":3,"ascent":-111500,"chars":[""]},{"type":"bitmap","file":"happyhud:font/assets/mmohud/bar_fill_exp/horizontal/43/25.png","height":3,"ascent":-111500,"chars":[""]},{"type":"bitmap","file":"happyhud:font/assets/mmohud/bar_fill_exp/horizontal/43/26.png","height":3,"ascent":-111500,"chars":[""]},{"type":"bitmap","file":"happyhud:font/assets/mmohud/bar_fill_exp/horizontal/43/27.png","height":3,"ascent":-111500,"chars":[""]},{"type":"bitmap","file":"happyhud:font/assets/mmohud/bar_fill_exp/horizontal/43/28.png","height":3,"ascent":-111500,"chars":[""]},{"type":"bitmap","file":"happyhud:font/assets/mmohud/bar_fill_exp/horizontal/43/29.png","height":3,"ascent":-111500,"chars":[""]},{"type":"bitmap","file":"happyhud:font/assets/mmohud/bar_fill_exp/horizontal/43/30.png","height":3,"ascent":-111500,"chars":[""]},{"type":"bitmap","file":"happyhud:font/assets/mmohud/bar_fill_exp/horizontal/43/31.png","height":3,"ascent":-111500,"chars":[""]},{"type":"bitmap","file":"happyhud:font/assets/mmohud/bar_fill_exp/horizontal/43/32.png","height":3,"ascent":-111500,"chars":[""]},{"type":"bitmap","file":"happyhud:font/assets/mmohud/bar_fill_exp/horizontal/43/33.png","height":3,"ascent":-111500,"chars":[""]},{"type":"bitmap","file":"happyhud:font/assets/mmohud/bar_fill_exp/horizontal/43/34.png","height":3,"ascent":-111500,"chars":[""]},{"type":"bitmap","file":"happyhud:font/assets/mmohud/bar_fill_exp/horizontal/43/35.png","height":3,"ascent":-111500,"chars":[""]},{"type":"bitmap","file":"happyhud:font/assets/mmohud/bar_fill_exp/horizontal/43/36.png","height":3,"ascent":-111500,"chars":[""]},{"type":"bitmap","file":"happyhud:font/assets/mmohud/bar_fill_exp/horizontal/43/37.png","height":3,"ascent":-111500,"chars":[""]},{"type":"bitmap","file":"happyhud:font/assets/mmohud/bar_fill_exp/horizontal/43/38.png","height":3,"ascent":-111500,"chars":[""]},{"type":"bitmap","file":"happyhud:font/assets/mmohud/bar_fill_exp/horizontal/43/39.png","height":3,"ascent":-111500,"chars":[""]},{"type":"bitmap","file":"happyhud:font/assets/mmohud/bar_fill_exp/horizontal/43/40.png","height":3,"ascent":-111500,"chars":[""]},{"type":"bitmap","file":"happyhud:font/assets/mmohud/bar_fill_exp/horizontal/43/41.png","height":3,"ascent":-111500,"chars":[""]},{"type":"bitmap","file":"happyhud:font/assets/mmohud/bar_fill_exp/horizontal/43/42.png","height":3,"ascent":-111500,"chars":[""]},{"type":"bitmap","file":"happyhud:font/assets/mmohud/bar_fill_exp/horizontal/43/43.png","height":3,"ascent":-111500,"chars":[""]},{"type":"bitmap","file":"happyhud:font/assets/mmohud/bar_outline_air.png","height":4,"ascent":-116500,"chars":[""]},{"type":"bitmap","file":"happyhud:font/assets/mmohud/bar_fill_air/horizontal/40/1.png","height":2,"ascent":-117500,"chars":[""]},{"type":"bitmap","file":"happyhud:font/assets/mmohud/bar_fill_air/horizontal/40/2.png","height":2,"ascent":-117500,"chars":[""]},{"type":"bitmap","file":"happyhud:font/assets/mmohud/bar_fill_air/horizontal/40/3.png","height":2,"ascent":-117500,"chars":[""]},{"type":"bitmap","file":"happyhud:font/assets/mmohud/bar_fill_air/horizontal/40/4.png","height":2,"ascent":-117500,"chars":[""]},{"type":"bitmap","file":"happyhud:font/assets/mmohud/bar_fill_air/horizontal/40/5.png","height":2,"ascent":-117500,"chars":[""]},{"type":"bitmap","file":"happyhud:font/assets/mmohud/bar_fill_air/horizontal/40/6.png","height":2,"ascent":-117500,"chars":[""]},{"type":"bitmap","file":"happyhud:font/assets/mmohud/bar_fill_air/horizontal/40/7.png","height":2,"ascent":-117500,"chars":[""]},{"type":"bitmap","file":"happyhud:font/assets/mmohud/bar_fill_air/horizontal/40/8.png","height":2,"ascent":-117500,"chars":[""]},{"type":"bitmap","file":"happyhud:font/assets/mmohud/bar_fill_air/horizontal/40/9.png","height":2,"ascent":-117500,"chars":[""]},{"type":"bitmap","file":"happyhud:font/assets/mmohud/bar_fill_air/horizontal/40/10.png","height":2,"ascent":-117500,"chars":[""]},{"type":"bitmap","file":"happyhud:font/assets/mmohud/bar_fill_air/horizontal/40/11.png","height":2,"ascent":-117500,"chars":[""]},{"type":"bitmap","file":"happyhud:font/assets/mmohud/bar_fill_air/horizontal/40/12.png","height":2,"ascent":-117500,"chars":[""]},{"type":"bitmap","file":"happyhud:font/assets/mmohud/bar_fill_air/horizontal/40/13.png","height":2,"ascent":-117500,"chars":[""]},{"type":"bitmap","file":"happyhud:font/assets/mmohud/bar_fill_air/horizontal/40/14.png","height":2,"ascent":-117500,"chars":[""]},{"type":"bitmap","file":"happyhud:font/assets/mmohud/bar_fill_air/horizontal/40/15.png","height":2,"ascent":-117500,"chars":[""]},{"type":"bitmap","file":"happyhud:font/assets/mmohud/bar_fill_air/horizontal/40/16.png","height":2,"ascent":-117500,"chars":[""]},{"type":"bitmap","file":"happyhud:font/assets/mmohud/bar_fill_air/horizontal/40/17.png","height":2,"ascent":-117500,"chars":[""]},{"type":"bitmap","file":"happyhud:font/assets/mmohud/bar_fill_air/horizontal/40/18.png","height":2,"ascent":-117500,"chars":[""]},{"type":"bitmap","file":"happyhud:font/assets/mmohud/bar_fill_air/horizontal/40/19.png","height":2,"ascent":-117500,"chars":[""]},{"type":"bitmap","file":"happyhud:font/assets/mmohud/bar_fill_air/horizontal/40/20.png","height":2,"ascent":-117500,"chars":[""]},{"type":"bitmap","file":"happyhud:font/assets/mmohud/bar_fill_air/horizontal/40/21.png","height":2,"ascent":-117500,"chars":[""]},{"type":"bitmap","file":"happyhud:font/assets/mmohud/bar_fill_air/horizontal/40/22.png","height":2,"ascent":-117500,"chars":[""]},{"type":"bitmap","file":"happyhud:font/assets/mmohud/bar_fill_air/horizontal/40/23.png","height":2,"ascent":-117500,"chars":[""]},{"type":"bitmap","file":"happyhud:font/assets/mmohud/bar_fill_air/horizontal/40/24.png","height":2,"ascent":-117500,"chars":[""]},{"type":"bitmap","file":"happyhud:font/assets/mmohud/bar_fill_air/horizontal/40/25.png","height":2,"ascent":-117500,"chars":[""]},{"type":"bitmap","file":"happyhud:font/assets/mmohud/bar_fill_air/horizontal/40/26.png","height":2,"ascent":-117500,"chars":[""]},{"type":"bitmap","file":"happyhud:font/assets/mmohud/bar_fill_air/horizontal/40/27.png","height":2,"ascent":-117500,"chars":[""]},{"type":"bitmap","file":"happyhud:font/assets/mmohud/bar_fill_air/horizontal/40/28.png","height":2,"ascent":-117500,"chars":[""]},{"type":"bitmap","file":"happyhud:font/assets/mmohud/bar_fill_air/horizontal/40/29.png","height":2,"ascent":-117500,"chars":[""]},{"type":"bitmap","file":"happyhud:font/assets/mmohud/bar_fill_air/horizontal/40/30.png","height":2,"ascent":-117500,"chars":[""]},{"type":"bitmap","file":"happyhud:font/assets/mmohud/bar_fill_air/horizontal/40/31.png","height":2,"ascent":-117500,"chars":[""]},{"type":"bitmap","file":"happyhud:font/assets/mmohud/bar_fill_air/horizontal/40/32.png","height":2,"ascent":-117500,"chars":[""]},{"type":"bitmap","file":"happyhud:font/assets/mmohud/bar_fill_air/horizontal/40/33.png","height":2,"ascent":-117500,"chars":[""]},{"type":"bitmap","file":"happyhud:font/assets/mmohud/bar_fill_air/horizontal/40/34.png","height":2,"ascent":-117500,"chars":[""]},{"type":"bitmap","file":"happyhud:font/assets/mmohud/bar_fill_air/horizontal/40/35.png","height":2,"ascent":-117500,"chars":[""]},{"type":"bitmap","file":"happyhud:font/assets/mmohud/bar_fill_air/horizontal/40/36.png","height":2,"ascent":-117500,"chars":[""]},{"type":"bitmap","file":"happyhud:font/assets/mmohud/bar_fill_air/horizontal/40/37.png","height":2,"ascent":-117500,"chars":[""]},{"type":"bitmap","file":"happyhud:font/assets/mmohud/bar_fill_air/horizontal/40/38.png","height":2,"ascent":-117500,"chars":[""]},{"type":"bitmap","file":"happyhud:font/assets/mmohud/bar_fill_air/horizontal/40/39.png","height":2,"ascent":-117500,"chars":[""]},{"type":"bitmap","file":"happyhud:font/assets/mmohud/bar_fill_air/horizontal/40/40.png","height":2,"ascent":-117500,"chars":[""]},{"type":"bitmap","file":"happyhud:font/assets/mmohud/icon_air.png","height":7,"ascent":-118500,"chars":[""]},{"type":"bitmap","file":"happyhud:font/assets/mmohud/bar_outline.png","height":9,"ascent":-119500,"chars":[""]},{"type":"bitmap","file":"happyhud:font/assets/mmohud/bar_fill/horizontal/43/1.png","height":7,"ascent":-120500,"chars":[""]},{"type":"bitmap","file":"happyhud:font/assets/mmohud/bar_fill/horizontal/43/2.png","height":7,"ascent":-120500,"chars":[""]},{"type":"bitmap","file":"happyhud:font/assets/mmohud/bar_fill/horizontal/43/3.png","height":7,"ascent":-120500,"chars":[""]},{"type":"bitmap","file":"happyhud:font/assets/mmohud/bar_fill/horizontal/43/4.png","height":7,"ascent":-120500,"chars":[""]},{"type":"bitmap","file":"happyhud:font/assets/mmohud/bar_fill/horizontal/43/5.png","height":7,"ascent":-120500,"chars":[""]},{"type":"bitmap","file":"happyhud:font/assets/mmohud/bar_fill/horizontal/43/6.png","height":7,"ascent":-120500,"chars":[""]},{"type":"bitmap","file":"happyhud:font/assets/mmohud/bar_fill/horizontal/43/7.png","height":7,"ascent":-120500,"chars":[""]},{"type":"bitmap","file":"happyhud:font/assets/mmohud/bar_fill/horizontal/43/8.png","height":7,"ascent":-120500,"chars":[""]},{"type":"bitmap","file":"happyhud:font/assets/mmohud/bar_fill/horizontal/43/9.png","height":7,"ascent":-120500,"chars":[""]},{"type":"bitmap","file":"happyhud:font/assets/mmohud/bar_fill/horizontal/43/10.png","height":7,"ascent":-120500,"chars":[""]},{"type":"bitmap","file":"happyhud:font/assets/mmohud/bar_fill/horizontal/43/11.png","height":7,"ascent":-120500,"chars":[""]},{"type":"bitmap","file":"happyhud:font/assets/mmohud/bar_fill/horizontal/43/12.png","height":7,"ascent":-120500,"chars":[""]},{"type":"bitmap","file":"happyhud:font/assets/mmohud/bar_fill/horizontal/43/13.png","height":7,"ascent":-120500,"chars":[""]},{"type":"bitmap","file":"happyhud:font/assets/mmohud/bar_fill/horizontal/43/14.png","height":7,"ascent":-120500,"chars":[""]},{"type":"bitmap","file":"happyhud:font/assets/mmohud/bar_fill/horizontal/43/15.png","height":7,"ascent":-120500,"chars":[""]},{"type":"bitmap","file":"happyhud:font/assets/mmohud/bar_fill/horizontal/43/16.png","height":7,"ascent":-120500,"chars":[""]},{"type":"bitmap","file":"happyhud:font/assets/mmohud/bar_fill/horizontal/43/17.png","height":7,"ascent":-120500,"chars":[""]},{"type":"bitmap","file":"happyhud:font/assets/mmohud/bar_fill/horizontal/43/18.png","height":7,"ascent":-120500,"chars":[""]},{"type":"bitmap","file":"happyhud:font/assets/mmohud/bar_fill/horizontal/43/19.png","height":7,"ascent":-120500,"chars":[""]},{"type":"bitmap","file":"happyhud:font/assets/mmohud/bar_fill/horizontal/43/20.png","height":7,"ascent":-120500,"chars":[""]},{"type":"bitmap","file":"happyhud:font/assets/mmohud/bar_fill/horizontal/43/21.png","height":7,"ascent":-120500,"chars":[""]},{"type":"bitmap","file":"happyhud:font/assets/mmohud/bar_fill/horizontal/43/22.png","height":7,"ascent":-120500,"chars":[""]},{"type":"bitmap","file":"happyhud:font/assets/mmohud/bar_fill/horizontal/43/23.png","height":7,"ascent":-120500,"chars":[""]},{"type":"bitmap","file":"happyhud:font/assets/mmohud/bar_fill/horizontal/43/24.png","height":7,"ascent":-120500,"chars":[""]},{"type":"bitmap","file":"happyhud:font/assets/mmohud/bar_fill/horizontal/43/25.png","height":7,"ascent":-120500,"chars":[""]},{"type":"bitmap","file":"happyhud:font/assets/mmohud/bar_fill/horizontal/43/26.png","height":7,"ascent":-120500,"chars":[""]},{"type":"bitmap","file":"happyhud:font/assets/mmohud/bar_fill/horizontal/43/27.png","height":7,"ascent":-120500,"chars":[""]},{"type":"bitmap","file":"happyhud:font/assets/mmohud/bar_fill/horizontal/43/28.png","height":7,"ascent":-120500,"chars":[""]},{"type":"bitmap","file":"happyhud:font/assets/mmohud/bar_fill/horizontal/43/29.png","height":7,"ascent":-120500,"chars":[""]},{"type":"bitmap","file":"happyhud:font/assets/mmohud/bar_fill/horizontal/43/30.png","height":7,"ascent":-120500,"chars":[""]},{"type":"bitmap","file":"happyhud:font/assets/mmohud/bar_fill/horizontal/43/31.png","height":7,"ascent":-120500,"chars":[""]},{"type":"bitmap","file":"happyhud:font/assets/mmohud/bar_fill/horizontal/43/32.png","height":7,"ascent":-120500,"chars":[""]},{"type":"bitmap","file":"happyhud:font/assets/mmohud/bar_fill/horizontal/43/33.png","height":7,"ascent":-120500,"chars":[""]},{"type":"bitmap","file":"happyhud:font/assets/mmohud/bar_fill/horizontal/43/34.png","height":7,"ascent":-120500,"chars":[""]},{"type":"bitmap","file":"happyhud:font/assets/mmohud/bar_fill/horizontal/43/35.png","height":7,"ascent":-120500,"chars":[""]},{"type":"bitmap","file":"happyhud:font/assets/mmohud/bar_fill/horizontal/43/36.png","height":7,"ascent":-120500,"chars":[""]},{"type":"bitmap","file":"happyhud:font/assets/mmohud/bar_fill/horizontal/43/37.png","height":7,"ascent":-120500,"chars":[""]},{"type":"bitmap","file":"happyhud:font/assets/mmohud/bar_fill/horizontal/43/38.png","height":7,"ascent":-120500,"chars":[""]},{"type":"bitmap","file":"happyhud:font/assets/mmohud/bar_fill/horizontal/43/39.png","height":7,"ascent":-120500,"chars":[""]},{"type":"bitmap","file":"happyhud:font/assets/mmohud/bar_fill/horizontal/43/40.png","height":7,"ascent":-120500,"chars":[""]},{"type":"bitmap","file":"happyhud:font/assets/mmohud/bar_fill/horizontal/43/41.png","height":7,"ascent":-120500,"chars":[""]},{"type":"bitmap","file":"happyhud:font/assets/mmohud/bar_fill/horizontal/43/42.png","height":7,"ascent":-120500,"chars":[""]},{"type":"bitmap","file":"happyhud:font/assets/mmohud/bar_fill/horizontal/43/43.png","height":7,"ascent":-120500,"chars":[""]},{"type":"bitmap","file":"happyhud:font/assets/mmohud/icon_armor.png","height":9,"ascent":-121500,"chars":[""]},{"type":"bitmap","file":"happyhud:font/assets/mmohud/bar_outline.png","height":9,"ascent":-128500,"chars":[""]},{"type":"bitmap","file":"happyhud:font/assets/mmohud/bar_fill/horizontal/43/1.png","height":7,"ascent":-129500,"chars":[""]},{"type":"bitmap","file":"happyhud:font/assets/mmohud/bar_fill/horizontal/43/2.png","height":7,"ascent":-129500,"chars":[""]},{"type":"bitmap","file":"happyhud:font/assets/mmohud/bar_fill/horizontal/43/3.png","height":7,"ascent":-129500,"chars":[""]},{"type":"bitmap","file":"happyhud:font/assets/mmohud/bar_fill/horizontal/43/4.png","height":7,"ascent":-129500,"chars":[""]},{"type":"bitmap","file":"happyhud:font/assets/mmohud/bar_fill/horizontal/43/5.png","height":7,"ascent":-129500,"chars":[""]},{"type":"bitmap","file":"happyhud:font/assets/mmohud/bar_fill/horizontal/43/6.png","height":7,"ascent":-129500,"chars":[""]},{"type":"bitmap","file":"happyhud:font/assets/mmohud/bar_fill/horizontal/43/7.png","height":7,"ascent":-129500,"chars":[""]},{"type":"bitmap","file":"happyhud:font/assets/mmohud/bar_fill/horizontal/43/8.png","height":7,"ascent":-129500,"chars":[""]},{"type":"bitmap","file":"happyhud:font/assets/mmohud/bar_fill/horizontal/43/9.png","height":7,"ascent":-129500,"chars":[""]},{"type":"bitmap","file":"happyhud:font/assets/mmohud/bar_fill/horizontal/43/10.png","height":7,"ascent":-129500,"chars":[""]},{"type":"bitmap","file":"happyhud:font/assets/mmohud/bar_fill/horizontal/43/11.png","height":7,"ascent":-129500,"chars":[""]},{"type":"bitmap","file":"happyhud:font/assets/mmohud/bar_fill/horizontal/43/12.png","height":7,"ascent":-129500,"chars":[""]},{"type":"bitmap","file":"happyhud:font/assets/mmohud/bar_fill/horizontal/43/13.png","height":7,"ascent":-129500,"chars":[""]},{"type":"bitmap","file":"happyhud:font/assets/mmohud/bar_fill/horizontal/43/14.png","height":7,"ascent":-129500,"chars":[""]},{"type":"bitmap","file":"happyhud:font/assets/mmohud/bar_fill/horizontal/43/15.png","height":7,"ascent":-129500,"chars":[""]},{"type":"bitmap","file":"happyhud:font/assets/mmohud/bar_fill/horizontal/43/16.png","height":7,"ascent":-129500,"chars":[""]},{"type":"bitmap","file":"happyhud:font/assets/mmohud/bar_fill/horizontal/43/17.png","height":7,"ascent":-129500,"chars":[""]},{"type":"bitmap","file":"happyhud:font/assets/mmohud/bar_fill/horizontal/43/18.png","height":7,"ascent":-129500,"chars":[""]},{"type":"bitmap","file":"happyhud:font/assets/mmohud/bar_fill/horizontal/43/19.png","height":7,"ascent":-129500,"chars":[""]},{"type":"bitmap","file":"happyhud:font/assets/mmohud/bar_fill/horizontal/43/20.png","height":7,"ascent":-129500,"chars":[""]},{"type":"bitmap","file":"happyhud:font/assets/mmohud/bar_fill/horizontal/43/21.png","height":7,"ascent":-129500,"chars":[""]},{"type":"bitmap","file":"happyhud:font/assets/mmohud/bar_fill/horizontal/43/22.png","height":7,"ascent":-129500,"chars":[""]},{"type":"bitmap","file":"happyhud:font/assets/mmohud/bar_fill/horizontal/43/23.png","height":7,"ascent":-129500,"chars":[""]},{"type":"bitmap","file":"happyhud:font/assets/mmohud/bar_fill/horizontal/43/24.png","height":7,"ascent":-129500,"chars":[""]},{"type":"bitmap","file":"happyhud:font/assets/mmohud/bar_fill/horizontal/43/25.png","height":7,"ascent":-129500,"chars":[""]},{"type":"bitmap","file":"happyhud:font/assets/mmohud/bar_fill/horizontal/43/26.png","height":7,"ascent":-129500,"chars":[""]},{"type":"bitmap","file":"happyhud:font/assets/mmohud/bar_fill/horizontal/43/27.png","height":7,"ascent":-129500,"chars":[""]},{"type":"bitmap","file":"happyhud:font/assets/mmohud/bar_fill/horizontal/43/28.png","height":7,"ascent":-129500,"chars":[""]},{"type":"bitmap","file":"happyhud:font/assets/mmohud/bar_fill/horizontal/43/29.png","height":7,"ascent":-129500,"chars":[""]},{"type":"bitmap","file":"happyhud:font/assets/mmohud/bar_fill/horizontal/43/30.png","height":7,"ascent":-129500,"chars":[""]},{"type":"bitmap","file":"happyhud:font/assets/mmohud/bar_fill/horizontal/43/31.png","height":7,"ascent":-129500,"chars":[""]},{"type":"bitmap","file":"happyhud:font/assets/mmohud/bar_fill/horizontal/43/32.png","height":7,"ascent":-129500,"chars":[""]},{"type":"bitmap","file":"happyhud:font/assets/mmohud/bar_fill/horizontal/43/33.png","height":7,"ascent":-129500,"chars":[""]},{"type":"bitmap","file":"happyhud:font/assets/mmohud/bar_fill/horizontal/43/34.png","height":7,"ascent":-129500,"chars":[""]},{"type":"bitmap","file":"happyhud:font/assets/mmohud/bar_fill/horizontal/43/35.png","height":7,"ascent":-129500,"chars":[""]},{"type":"bitmap","file":"happyhud:font/assets/mmohud/bar_fill/horizontal/43/36.png","height":7,"ascent":-129500,"chars":[""]},{"type":"bitmap","file":"happyhud:font/assets/mmohud/bar_fill/horizontal/43/37.png","height":7,"ascent":-129500,"chars":[""]},{"type":"bitmap","file":"happyhud:font/assets/mmohud/bar_fill/horizontal/43/38.png","height":7,"ascent":-129500,"chars":[""]},{"type":"bitmap","file":"happyhud:font/assets/mmohud/bar_fill/horizontal/43/39.png","height":7,"ascent":-129500,"chars":[""]},{"type":"bitmap","file":"happyhud:font/assets/mmohud/bar_fill/horizontal/43/40.png","height":7,"ascent":-129500,"chars":[""]},{"type":"bitmap","file":"happyhud:font/assets/mmohud/bar_fill/horizontal/43/41.png","height":7,"ascent":-129500,"chars":[""]},{"type":"bitmap","file":"happyhud:font/assets/mmohud/bar_fill/horizontal/43/42.png","height":7,"ascent":-129500,"chars":[""]},{"type":"bitmap","file":"happyhud:font/assets/mmohud/bar_fill/horizontal/43/43.png","height":7,"ascent":-129500,"chars":[""]},{"type":"bitmap","file":"happyhud:font/assets/mmohud/bar_fill_hunger/horizontal/43/1.png","height":7,"ascent":-130500,"chars":[""]},{"type":"bitmap","file":"happyhud:font/assets/mmohud/bar_fill_hunger/horizontal/43/2.png","height":7,"ascent":-130500,"chars":[""]},{"type":"bitmap","file":"happyhud:font/assets/mmohud/bar_fill_hunger/horizontal/43/3.png","height":7,"ascent":-130500,"chars":[""]},{"type":"bitmap","file":"happyhud:font/assets/mmohud/bar_fill_hunger/horizontal/43/4.png","height":7,"ascent":-130500,"chars":[""]},{"type":"bitmap","file":"happyhud:font/assets/mmohud/bar_fill_hunger/horizontal/43/5.png","height":7,"ascent":-130500,"chars":[""]},{"type":"bitmap","file":"happyhud:font/assets/mmohud/bar_fill_hunger/horizontal/43/6.png","height":7,"ascent":-130500,"chars":[""]},{"type":"bitmap","file":"happyhud:font/assets/mmohud/bar_fill_hunger/horizontal/43/7.png","height":7,"ascent":-130500,"chars":[""]},{"type":"bitmap","file":"happyhud:font/assets/mmohud/bar_fill_hunger/horizontal/43/8.png","height":7,"ascent":-130500,"chars":[""]},{"type":"bitmap","file":"happyhud:font/assets/mmohud/bar_fill_hunger/horizontal/43/9.png","height":7,"ascent":-130500,"chars":[""]},{"type":"bitmap","file":"happyhud:font/assets/mmohud/bar_fill_hunger/horizontal/43/10.png","height":7,"ascent":-130500,"chars":[""]},{"type":"bitmap","file":"happyhud:font/assets/mmohud/bar_fill_hunger/horizontal/43/11.png","height":7,"ascent":-130500,"chars":[""]},{"type":"bitmap","file":"happyhud:font/assets/mmohud/bar_fill_hunger/horizontal/43/12.png","height":7,"ascent":-130500,"chars":[""]},{"type":"bitmap","file":"happyhud:font/assets/mmohud/bar_fill_hunger/horizontal/43/13.png","height":7,"ascent":-130500,"chars":[""]},{"type":"bitmap","file":"happyhud:font/assets/mmohud/bar_fill_hunger/horizontal/43/14.png","height":7,"ascent":-130500,"chars":[""]},{"type":"bitmap","file":"happyhud:font/assets/mmohud/bar_fill_hunger/horizontal/43/15.png","height":7,"ascent":-130500,"chars":[""]},{"type":"bitmap","file":"happyhud:font/assets/mmohud/bar_fill_hunger/horizontal/43/16.png","height":7,"ascent":-130500,"chars":[""]},{"type":"bitmap","file":"happyhud:font/assets/mmohud/bar_fill_hunger/horizontal/43/17.png","height":7,"ascent":-130500,"chars":[""]},{"type":"bitmap","file":"happyhud:font/assets/mmohud/bar_fill_hunger/horizontal/43/18.png","height":7,"ascent":-130500,"chars":[""]},{"type":"bitmap","file":"happyhud:font/assets/mmohud/bar_fill_hunger/horizontal/43/19.png","height":7,"ascent":-130500,"chars":[""]},{"type":"bitmap","file":"happyhud:font/assets/mmohud/bar_fill_hunger/horizontal/43/20.png","height":7,"ascent":-130500,"chars":[""]},{"type":"bitmap","file":"happyhud:font/assets/mmohud/bar_fill_hunger/horizontal/43/21.png","height":7,"ascent":-130500,"chars":[""]},{"type":"bitmap","file":"happyhud:font/assets/mmohud/bar_fill_hunger/horizontal/43/22.png","height":7,"ascent":-130500,"chars":[""]},{"type":"bitmap","file":"happyhud:font/assets/mmohud/bar_fill_hunger/horizontal/43/23.png","height":7,"ascent":-130500,"chars":[""]},{"type":"bitmap","file":"happyhud:font/assets/mmohud/bar_fill_hunger/horizontal/43/24.png","height":7,"ascent":-130500,"chars":[""]},{"type":"bitmap","file":"happyhud:font/assets/mmohud/bar_fill_hunger/horizontal/43/25.png","height":7,"ascent":-130500,"chars":[""]},{"type":"bitmap","file":"happyhud:font/assets/mmohud/bar_fill_hunger/horizontal/43/26.png","height":7,"ascent":-130500,"chars":[""]},{"type":"bitmap","file":"happyhud:font/assets/mmohud/bar_fill_hunger/horizontal/43/27.png","height":7,"ascent":-130500,"chars":[""]},{"type":"bitmap","file":"happyhud:font/assets/mmohud/bar_fill_hunger/horizontal/43/28.png","height":7,"ascent":-130500,"chars":[""]},{"type":"bitmap","file":"happyhud:font/assets/mmohud/bar_fill_hunger/horizontal/43/29.png","height":7,"ascent":-130500,"chars":[""]},{"type":"bitmap","file":"happyhud:font/assets/mmohud/bar_fill_hunger/horizontal/43/30.png","height":7,"ascent":-130500,"chars":[""]},{"type":"bitmap","file":"happyhud:font/assets/mmohud/bar_fill_hunger/horizontal/43/31.png","height":7,"ascent":-130500,"chars":[""]},{"type":"bitmap","file":"happyhud:font/assets/mmohud/bar_fill_hunger/horizontal/43/32.png","height":7,"ascent":-130500,"chars":[""]},{"type":"bitmap","file":"happyhud:font/assets/mmohud/bar_fill_hunger/horizontal/43/33.png","height":7,"ascent":-130500,"chars":[""]},{"type":"bitmap","file":"happyhud:font/assets/mmohud/bar_fill_hunger/horizontal/43/34.png","height":7,"ascent":-130500,"chars":[""]},{"type":"bitmap","file":"happyhud:font/assets/mmohud/bar_fill_hunger/horizontal/43/35.png","height":7,"ascent":-130500,"chars":[""]},{"type":"bitmap","file":"happyhud:font/assets/mmohud/bar_fill_hunger/horizontal/43/36.png","height":7,"ascent":-130500,"chars":[""]},{"type":"bitmap","file":"happyhud:font/assets/mmohud/bar_fill_hunger/horizontal/43/37.png","height":7,"ascent":-130500,"chars":[""]},{"type":"bitmap","file":"happyhud:font/assets/mmohud/bar_fill_hunger/horizontal/43/38.png","height":7,"ascent":-130500,"chars":[""]},{"type":"bitmap","file":"happyhud:font/assets/mmohud/bar_fill_hunger/horizontal/43/39.png","height":7,"ascent":-130500,"chars":[""]},{"type":"bitmap","file":"happyhud:font/assets/mmohud/bar_fill_hunger/horizontal/43/40.png","height":7,"ascent":-130500,"chars":[""]},{"type":"bitmap","file":"happyhud:font/assets/mmohud/bar_fill_hunger/horizontal/43/41.png","height":7,"ascent":-130500,"chars":[""]},{"type":"bitmap","file":"happyhud:font/assets/mmohud/bar_fill_hunger/horizontal/43/42.png","height":7,"ascent":-130500,"chars":[""]},{"type":"bitmap","file":"happyhud:font/assets/mmohud/bar_fill_hunger/horizontal/43/43.png","height":7,"ascent":-130500,"chars":[""]},{"type":"bitmap","file":"happyhud:font/assets/mmohud/icon_food2_hunger.png","height":9,"ascent":-131500,"chars":[""]},{"type":"bitmap","file":"happyhud:font/assets/mmohud/icon_food2.png","height":9,"ascent":-131500,"chars":[""]},{"type":"bitmap","file":"happyhud:font/assets/mmohud/icon_food.png","height":9,"ascent":-132500,"chars":[""]},{"type":"bitmap","file":"happyhud:font/assets/mmohud/icon_food_hunger.png","height":9,"ascent":-132500,"chars":[""]},{"type":"bitmap","file":"happyhud:font/assets/mmohud/bar_outline.png","height":9,"ascent":-139500,"chars":[""]},{"type":"bitmap","file":"happyhud:font/assets/mmohud/bar_fill/horizontal/43/1.png","height":7,"ascent":-140500,"chars":[""]},{"type":"bitmap","file":"happyhud:font/assets/mmohud/bar_fill/horizontal/43/2.png","height":7,"ascent":-140500,"chars":[""]},{"type":"bitmap","file":"happyhud:font/assets/mmohud/bar_fill/horizontal/43/3.png","height":7,"ascent":-140500,"chars":[""]},{"type":"bitmap","file":"happyhud:font/assets/mmohud/bar_fill/horizontal/43/4.png","height":7,"ascent":-140500,"chars":[""]},{"type":"bitmap","file":"happyhud:font/assets/mmohud/bar_fill/horizontal/43/5.png","height":7,"ascent":-140500,"chars":[""]},{"type":"bitmap","file":"happyhud:font/assets/mmohud/bar_fill/horizontal/43/6.png","height":7,"ascent":-140500,"chars":[""]},{"type":"bitmap","file":"happyhud:font/assets/mmohud/bar_fill/horizontal/43/7.png","height":7,"ascent":-140500,"chars":[""]},{"type":"bitmap","file":"happyhud:font/assets/mmohud/bar_fill/horizontal/43/8.png","height":7,"ascent":-140500,"chars":[""]},{"type":"bitmap","file":"happyhud:font/assets/mmohud/bar_fill/horizontal/43/9.png","height":7,"ascent":-140500,"chars":[""]},{"type":"bitmap","file":"happyhud:font/assets/mmohud/bar_fill/horizontal/43/10.png","height":7,"ascent":-140500,"chars":[""]},{"type":"bitmap","file":"happyhud:font/assets/mmohud/bar_fill/horizontal/43/11.png","height":7,"ascent":-140500,"chars":[""]},{"type":"bitmap","file":"happyhud:font/assets/mmohud/bar_fill/horizontal/43/12.png","height":7,"ascent":-140500,"chars":[""]},{"type":"bitmap","file":"happyhud:font/assets/mmohud/bar_fill/horizontal/43/13.png","height":7,"ascent":-140500,"chars":[""]},{"type":"bitmap","file":"happyhud:font/assets/mmohud/bar_fill/horizontal/43/14.png","height":7,"ascent":-140500,"chars":[""]},{"type":"bitmap","file":"happyhud:font/assets/mmohud/bar_fill/horizontal/43/15.png","height":7,"ascent":-140500,"chars":[""]},{"type":"bitmap","file":"happyhud:font/assets/mmohud/bar_fill/horizontal/43/16.png","height":7,"ascent":-140500,"chars":[""]},{"type":"bitmap","file":"happyhud:font/assets/mmohud/bar_fill/horizontal/43/17.png","height":7,"ascent":-140500,"chars":[""]},{"type":"bitmap","file":"happyhud:font/assets/mmohud/bar_fill/horizontal/43/18.png","height":7,"ascent":-140500,"chars":[""]},{"type":"bitmap","file":"happyhud:font/assets/mmohud/bar_fill/horizontal/43/19.png","height":7,"ascent":-140500,"chars":[""]},{"type":"bitmap","file":"happyhud:font/assets/mmohud/bar_fill/horizontal/43/20.png","height":7,"ascent":-140500,"chars":[""]},{"type":"bitmap","file":"happyhud:font/assets/mmohud/bar_fill/horizontal/43/21.png","height":7,"ascent":-140500,"chars":[""]},{"type":"bitmap","file":"happyhud:font/assets/mmohud/bar_fill/horizontal/43/22.png","height":7,"ascent":-140500,"chars":[""]},{"type":"bitmap","file":"happyhud:font/assets/mmohud/bar_fill/horizontal/43/23.png","height":7,"ascent":-140500,"chars":[""]},{"type":"bitmap","file":"happyhud:font/assets/mmohud/bar_fill/horizontal/43/24.png","height":7,"ascent":-140500,"chars":[""]},{"type":"bitmap","file":"happyhud:font/assets/mmohud/bar_fill/horizontal/43/25.png","height":7,"ascent":-140500,"chars":[""]},{"type":"bitmap","file":"happyhud:font/assets/mmohud/bar_fill/horizontal/43/26.png","height":7,"ascent":-140500,"chars":[""]},{"type":"bitmap","file":"happyhud:font/assets/mmohud/bar_fill/horizontal/43/27.png","height":7,"ascent":-140500,"chars":[""]},{"type":"bitmap","file":"happyhud:font/assets/mmohud/bar_fill/horizontal/43/28.png","height":7,"ascent":-140500,"chars":[""]},{"type":"bitmap","file":"happyhud:font/assets/mmohud/bar_fill/horizontal/43/29.png","height":7,"ascent":-140500,"chars":[""]},{"type":"bitmap","file":"happyhud:font/assets/mmohud/bar_fill/horizontal/43/30.png","height":7,"ascent":-140500,"chars":[""]},{"type":"bitmap","file":"happyhud:font/assets/mmohud/bar_fill/horizontal/43/31.png","height":7,"ascent":-140500,"chars":[""]},{"type":"bitmap","file":"happyhud:font/assets/mmohud/bar_fill/horizontal/43/32.png","height":7,"ascent":-140500,"chars":[""]},{"type":"bitmap","file":"happyhud:font/assets/mmohud/bar_fill/horizontal/43/33.png","height":7,"ascent":-140500,"chars":[""]},{"type":"bitmap","file":"happyhud:font/assets/mmohud/bar_fill/horizontal/43/34.png","height":7,"ascent":-140500,"chars":[""]},{"type":"bitmap","file":"happyhud:font/assets/mmohud/bar_fill/horizontal/43/35.png","height":7,"ascent":-140500,"chars":[""]},{"type":"bitmap","file":"happyhud:font/assets/mmohud/bar_fill/horizontal/43/36.png","height":7,"ascent":-140500,"chars":[""]},{"type":"bitmap","file":"happyhud:font/assets/mmohud/bar_fill/horizontal/43/37.png","height":7,"ascent":-140500,"chars":[""]},{"type":"bitmap","file":"happyhud:font/assets/mmohud/bar_fill/horizontal/43/38.png","height":7,"ascent":-140500,"chars":[""]},{"type":"bitmap","file":"happyhud:font/assets/mmohud/bar_fill/horizontal/43/39.png","height":7,"ascent":-140500,"chars":[""]},{"type":"bitmap","file":"happyhud:font/assets/mmohud/bar_fill/horizontal/43/40.png","height":7,"ascent":-140500,"chars":[""]},{"type":"bitmap","file":"happyhud:font/assets/mmohud/bar_fill/horizontal/43/41.png","height":7,"ascent":-140500,"chars":[""]},{"type":"bitmap","file":"happyhud:font/assets/mmohud/bar_fill/horizontal/43/42.png","height":7,"ascent":-140500,"chars":[""]},{"type":"bitmap","file":"happyhud:font/assets/mmohud/bar_fill/horizontal/43/43.png","height":7,"ascent":-140500,"chars":[""]},{"type":"bitmap","file":"happyhud:font/assets/mmohud/icon_mana.png","height":9,"ascent":-141500,"chars":[""]},{"type":"bitmap","file":"happyhud:font/assets/mmohud/bar_outline.png","height":9,"ascent":-148500,"chars":[""]},{"type":"bitmap","file":"happyhud:font/assets/mmohud/bar_overlay_regeneration.png","height":6,"ascent":-149500,"chars":[""]},{"type":"bitmap","file":"happyhud:font/assets/mmohud/bar_fill/horizontal/43/1.png","height":7,"ascent":-150500,"chars":[""]},{"type":"bitmap","file":"happyhud:font/assets/mmohud/bar_fill/horizontal/43/2.png","height":7,"ascent":-150500,"chars":[""]},{"type":"bitmap","file":"happyhud:font/assets/mmohud/bar_fill/horizontal/43/3.png","height":7,"ascent":-150500,"chars":[""]},{"type":"bitmap","file":"happyhud:font/assets/mmohud/bar_fill/horizontal/43/4.png","height":7,"ascent":-150500,"chars":[""]},{"type":"bitmap","file":"happyhud:font/assets/mmohud/bar_fill/horizontal/43/5.png","height":7,"ascent":-150500,"chars":[""]},{"type":"bitmap","file":"happyhud:font/assets/mmohud/bar_fill/horizontal/43/6.png","height":7,"ascent":-150500,"chars":[""]},{"type":"bitmap","file":"happyhud:font/assets/mmohud/bar_fill/horizontal/43/7.png","height":7,"ascent":-150500,"chars":[""]},{"type":"bitmap","file":"happyhud:font/assets/mmohud/bar_fill/horizontal/43/8.png","height":7,"ascent":-150500,"chars":[""]},{"type":"bitmap","file":"happyhud:font/assets/mmohud/bar_fill/horizontal/43/9.png","height":7,"ascent":-150500,"chars":[""]},{"type":"bitmap","file":"happyhud:font/assets/mmohud/bar_fill/horizontal/43/10.png","height":7,"ascent":-150500,"chars":[""]},{"type":"bitmap","file":"happyhud:font/assets/mmohud/bar_fill/horizontal/43/11.png","height":7,"ascent":-150500,"chars":[""]},{"type":"bitmap","file":"happyhud:font/assets/mmohud/bar_fill/horizontal/43/12.png","height":7,"ascent":-150500,"chars":[""]},{"type":"bitmap","file":"happyhud:font/assets/mmohud/bar_fill/horizontal/43/13.png","height":7,"ascent":-150500,"chars":[""]},{"type":"bitmap","file":"happyhud:font/assets/mmohud/bar_fill/horizontal/43/14.png","height":7,"ascent":-150500,"chars":[""]},{"type":"bitmap","file":"happyhud:font/assets/mmohud/bar_fill/horizontal/43/15.png","height":7,"ascent":-150500,"chars":[""]},{"type":"bitmap","file":"happyhud:font/assets/mmohud/bar_fill/horizontal/43/16.png","height":7,"ascent":-150500,"chars":[""]},{"type":"bitmap","file":"happyhud:font/assets/mmohud/bar_fill/horizontal/43/17.png","height":7,"ascent":-150500,"chars":[""]},{"type":"bitmap","file":"happyhud:font/assets/mmohud/bar_fill/horizontal/43/18.png","height":7,"ascent":-150500,"chars":[""]},{"type":"bitmap","file":"happyhud:font/assets/mmohud/bar_fill/horizontal/43/19.png","height":7,"ascent":-150500,"chars":[""]},{"type":"bitmap","file":"happyhud:font/assets/mmohud/bar_fill/horizontal/43/20.png","height":7,"ascent":-150500,"chars":[""]},{"type":"bitmap","file":"happyhud:font/assets/mmohud/bar_fill/horizontal/43/21.png","height":7,"ascent":-150500,"chars":[""]},{"type":"bitmap","file":"happyhud:font/assets/mmohud/bar_fill/horizontal/43/22.png","height":7,"ascent":-150500,"chars":[""]},{"type":"bitmap","file":"happyhud:font/assets/mmohud/bar_fill/horizontal/43/23.png","height":7,"ascent":-150500,"chars":[""]},{"type":"bitmap","file":"happyhud:font/assets/mmohud/bar_fill/horizontal/43/24.png","height":7,"ascent":-150500,"chars":[""]},{"type":"bitmap","file":"happyhud:font/assets/mmohud/bar_fill/horizontal/43/25.png","height":7,"ascent":-150500,"chars":[""]},{"type":"bitmap","file":"happyhud:font/assets/mmohud/bar_fill/horizontal/43/26.png","height":7,"ascent":-150500,"chars":[""]},{"type":"bitmap","file":"happyhud:font/assets/mmohud/bar_fill/horizontal/43/27.png","height":7,"ascent":-150500,"chars":[""]},{"type":"bitmap","file":"happyhud:font/assets/mmohud/bar_fill/horizontal/43/28.png","height":7,"ascent":-150500,"chars":[""]},{"type":"bitmap","file":"happyhud:font/assets/mmohud/bar_fill/horizontal/43/29.png","height":7,"ascent":-150500,"chars":[""]},{"type":"bitmap","file":"happyhud:font/assets/mmohud/bar_fill/horizontal/43/30.png","height":7,"ascent":-150500,"chars":[""]},{"type":"bitmap","file":"happyhud:font/assets/mmohud/bar_fill/horizontal/43/31.png","height":7,"ascent":-150500,"chars":[""]},{"type":"bitmap","file":"happyhud:font/assets/mmohud/bar_fill/horizontal/43/32.png","height":7,"ascent":-150500,"chars":[""]},{"type":"bitmap","file":"happyhud:font/assets/mmohud/bar_fill/horizontal/43/33.png","height":7,"ascent":-150500,"chars":[""]},{"type":"bitmap","file":"happyhud:font/assets/mmohud/bar_fill/horizontal/43/34.png","height":7,"ascent":-150500,"chars":[""]},{"type":"bitmap","file":"happyhud:font/assets/mmohud/bar_fill/horizontal/43/35.png","height":7,"ascent":-150500,"chars":[""]},{"type":"bitmap","file":"happyhud:font/assets/mmohud/bar_fill/horizontal/43/36.png","height":7,"ascent":-150500,"chars":[""]},{"type":"bitmap","file":"happyhud:font/assets/mmohud/bar_fill/horizontal/43/37.png","height":7,"ascent":-150500,"chars":[""]},{"type":"bitmap","file":"happyhud:font/assets/mmohud/bar_fill/horizontal/43/38.png","height":7,"ascent":-150500,"chars":[""]},{"type":"bitmap","file":"happyhud:font/assets/mmohud/bar_fill/horizontal/43/39.png","height":7,"ascent":-150500,"chars":[""]},{"type":"bitmap","file":"happyhud:font/assets/mmohud/bar_fill/horizontal/43/40.png","height":7,"ascent":-150500,"chars":[""]},{"type":"bitmap","file":"happyhud:font/assets/mmohud/bar_fill/horizontal/43/41.png","height":7,"ascent":-150500,"chars":[""]},{"type":"bitmap","file":"happyhud:font/assets/mmohud/bar_fill/horizontal/43/42.png","height":7,"ascent":-150500,"chars":[""]},{"type":"bitmap","file":"happyhud:font/assets/mmohud/bar_fill/horizontal/43/43.png","height":7,"ascent":-150500,"chars":[""]},{"type":"bitmap","file":"happyhud:font/assets/mmohud/bar_fill_wither/horizontal/28/1.png","height":7,"ascent":-151500,"chars":[""]},{"type":"bitmap","file":"happyhud:font/assets/mmohud/bar_fill_wither/horizontal/28/2.png","height":7,"ascent":-151500,"chars":[""]},{"type":"bitmap","file":"happyhud:font/assets/mmohud/bar_fill_wither/horizontal/28/3.png","height":7,"ascent":-151500,"chars":[""]},{"type":"bitmap","file":"happyhud:font/assets/mmohud/bar_fill_wither/horizontal/28/4.png","height":7,"ascent":-151500,"chars":[""]},{"type":"bitmap","file":"happyhud:font/assets/mmohud/bar_fill_wither/horizontal/28/5.png","height":7,"ascent":-151500,"chars":[""]},{"type":"bitmap","file":"happyhud:font/assets/mmohud/bar_fill_wither/horizontal/28/6.png","height":7,"ascent":-151500,"chars":[""]},{"type":"bitmap","file":"happyhud:font/assets/mmohud/bar_fill_wither/horizontal/28/7.png","height":7,"ascent":-151500,"chars":[""]},{"type":"bitmap","file":"happyhud:font/assets/mmohud/bar_fill_wither/horizontal/28/8.png","height":7,"ascent":-151500,"chars":[""]},{"type":"bitmap","file":"happyhud:font/assets/mmohud/bar_fill_wither/horizontal/28/9.png","height":7,"ascent":-151500,"chars":[""]},{"type":"bitmap","file":"happyhud:font/assets/mmohud/bar_fill_wither/horizontal/28/10.png","height":7,"ascent":-151500,"chars":[""]},{"type":"bitmap","file":"happyhud:font/assets/mmohud/bar_fill_wither/horizontal/28/11.png","height":7,"ascent":-151500,"chars":[""]},{"type":"bitmap","file":"happyhud:font/assets/mmohud/bar_fill_wither/horizontal/28/12.png","height":7,"ascent":-151500,"chars":[""]},{"type":"bitmap","file":"happyhud:font/assets/mmohud/bar_fill_wither/horizontal/28/13.png","height":7,"ascent":-151500,"chars":[""]},{"type":"bitmap","file":"happyhud:font/assets/mmohud/bar_fill_wither/horizontal/28/14.png","height":7,"ascent":-151500,"chars":[""]},{"type":"bitmap","file":"happyhud:font/assets/mmohud/bar_fill_wither/horizontal/28/15.png","height":7,"ascent":-151500,"chars":[""]},{"type":"bitmap","file":"happyhud:font/assets/mmohud/bar_fill_wither/horizontal/28/16.png","height":7,"ascent":-151500,"chars":[""]},{"type":"bitmap","file":"happyhud:font/assets/mmohud/bar_fill_wither/horizontal/28/17.png","height":7,"ascent":-151500,"chars":[""]},{"type":"bitmap","file":"happyhud:font/assets/mmohud/bar_fill_wither/horizontal/28/18.png","height":7,"ascent":-151500,"chars":[""]},{"type":"bitmap","file":"happyhud:font/assets/mmohud/bar_fill_wither/horizontal/28/19.png","height":7,"ascent":-151500,"chars":[""]},{"type":"bitmap","file":"happyhud:font/assets/mmohud/bar_fill_wither/horizontal/28/20.png","height":7,"ascent":-151500,"chars":[""]},{"type":"bitmap","file":"happyhud:font/assets/mmohud/bar_fill_wither/horizontal/28/21.png","height":7,"ascent":-151500,"chars":[""]},{"type":"bitmap","file":"happyhud:font/assets/mmohud/bar_fill_wither/horizontal/28/22.png","height":7,"ascent":-151500,"chars":[""]},{"type":"bitmap","file":"happyhud:font/assets/mmohud/bar_fill_wither/horizontal/28/23.png","height":7,"ascent":-151500,"chars":[""]},{"type":"bitmap","file":"happyhud:font/assets/mmohud/bar_fill_wither/horizontal/28/24.png","height":7,"ascent":-151500,"chars":[""]},{"type":"bitmap","file":"happyhud:font/assets/mmohud/bar_fill_wither/horizontal/28/25.png","height":7,"ascent":-151500,"chars":[""]},{"type":"bitmap","file":"happyhud:font/assets/mmohud/bar_fill_wither/horizontal/28/26.png","height":7,"ascent":-151500,"chars":[""]},{"type":"bitmap","file":"happyhud:font/assets/mmohud/bar_fill_wither/horizontal/28/27.png","height":7,"ascent":-151500,"chars":[""]},{"type":"bitmap","file":"happyhud:font/assets/mmohud/bar_fill_wither/horizontal/28/28.png","height":7,"ascent":-151500,"chars":[""]},{"type":"bitmap","file":"happyhud:font/assets/mmohud/bar_fill_freezing/horizontal/43/1.png","height":7,"ascent":-152500,"chars":[""]},{"type":"bitmap","file":"happyhud:font/assets/mmohud/bar_fill_freezing/horizontal/43/2.png","height":7,"ascent":-152500,"chars":[""]},{"type":"bitmap","file":"happyhud:font/assets/mmohud/bar_fill_freezing/horizontal/43/3.png","height":7,"ascent":-152500,"chars":[""]},{"type":"bitmap","file":"happyhud:font/assets/mmohud/bar_fill_freezing/horizontal/43/4.png","height":7,"ascent":-152500,"chars":[""]},{"type":"bitmap","file":"happyhud:font/assets/mmohud/bar_fill_freezing/horizontal/43/5.png","height":7,"ascent":-152500,"chars":[""]},{"type":"bitmap","file":"happyhud:font/assets/mmohud/bar_fill_freezing/horizontal/43/6.png","height":7,"ascent":-152500,"chars":[""]},{"type":"bitmap","file":"happyhud:font/assets/mmohud/bar_fill_freezing/horizontal/43/7.png","height":7,"ascent":-152500,"chars":[""]},{"type":"bitmap","file":"happyhud:font/assets/mmohud/bar_fill_freezing/horizontal/43/8.png","height":7,"ascent":-152500,"chars":[""]},{"type":"bitmap","file":"happyhud:font/assets/mmohud/bar_fill_freezing/horizontal/43/9.png","height":7,"ascent":-152500,"chars":[""]},{"type":"bitmap","file":"happyhud:font/assets/mmohud/bar_fill_freezing/horizontal/43/10.png","height":7,"ascent":-152500,"chars":[""]},{"type":"bitmap","file":"happyhud:font/assets/mmohud/bar_fill_freezing/horizontal/43/11.png","height":7,"ascent":-152500,"chars":[""]},{"type":"bitmap","file":"happyhud:font/assets/mmohud/bar_fill_freezing/horizontal/43/12.png","height":7,"ascent":-152500,"chars":[""]},{"type":"bitmap","file":"happyhud:font/assets/mmohud/bar_fill_freezing/horizontal/43/13.png","height":7,"ascent":-152500,"chars":[""]},{"type":"bitmap","file":"happyhud:font/assets/mmohud/bar_fill_freezing/horizontal/43/14.png","height":7,"ascent":-152500,"chars":[""]},{"type":"bitmap","file":"happyhud:font/assets/mmohud/bar_fill_freezing/horizontal/43/15.png","height":7,"ascent":-152500,"chars":[""]},{"type":"bitmap","file":"happyhud:font/assets/mmohud/bar_fill_freezing/horizontal/43/16.png","height":7,"ascent":-152500,"chars":[""]},{"type":"bitmap","file":"happyhud:font/assets/mmohud/bar_fill_freezing/horizontal/43/17.png","height":7,"ascent":-152500,"chars":[""]},{"type":"bitmap","file":"happyhud:font/assets/mmohud/bar_fill_freezing/horizontal/43/18.png","height":7,"ascent":-152500,"chars":[""]},{"type":"bitmap","file":"happyhud:font/assets/mmohud/bar_fill_freezing/horizontal/43/19.png","height":7,"ascent":-152500,"chars":[""]},{"type":"bitmap","file":"happyhud:font/assets/mmohud/bar_fill_freezing/horizontal/43/20.png","height":7,"ascent":-152500,"chars":[""]},{"type":"bitmap","file":"happyhud:font/assets/mmohud/bar_fill_freezing/horizontal/43/21.png","height":7,"ascent":-152500,"chars":[""]},{"type":"bitmap","file":"happyhud:font/assets/mmohud/bar_fill_freezing/horizontal/43/22.png","height":7,"ascent":-152500,"chars":[""]},{"type":"bitmap","file":"happyhud:font/assets/mmohud/bar_fill_freezing/horizontal/43/23.png","height":7,"ascent":-152500,"chars":[""]},{"type":"bitmap","file":"happyhud:font/assets/mmohud/bar_fill_freezing/horizontal/43/24.png","height":7,"ascent":-152500,"chars":[""]},{"type":"bitmap","file":"happyhud:font/assets/mmohud/bar_fill_freezing/horizontal/43/25.png","height":7,"ascent":-152500,"chars":[""]},{"type":"bitmap","file":"happyhud:font/assets/mmohud/bar_fill_freezing/horizontal/43/26.png","height":7,"ascent":-152500,"chars":[""]},{"type":"bitmap","file":"happyhud:font/assets/mmohud/bar_fill_freezing/horizontal/43/27.png","height":7,"ascent":-152500,"chars":[""]},{"type":"bitmap","file":"happyhud:font/assets/mmohud/bar_fill_freezing/horizontal/43/28.png","height":7,"ascent":-152500,"chars":[""]},{"type":"bitmap","file":"happyhud:font/assets/mmohud/bar_fill_freezing/horizontal/43/29.png","height":7,"ascent":-152500,"chars":[""]},{"type":"bitmap","file":"happyhud:font/assets/mmohud/bar_fill_freezing/horizontal/43/30.png","height":7,"ascent":-152500,"chars":[""]},{"type":"bitmap","file":"happyhud:font/assets/mmohud/bar_fill_freezing/horizontal/43/31.png","height":7,"ascent":-152500,"chars":[""]},{"type":"bitmap","file":"happyhud:font/assets/mmohud/bar_fill_freezing/horizontal/43/32.png","height":7,"ascent":-152500,"chars":[""]},{"type":"bitmap","file":"happyhud:font/assets/mmohud/bar_fill_freezing/horizontal/43/33.png","height":7,"ascent":-152500,"chars":[""]},{"type":"bitmap","file":"happyhud:font/assets/mmohud/bar_fill_freezing/horizontal/43/34.png","height":7,"ascent":-152500,"chars":[""]},{"type":"bitmap","file":"happyhud:font/assets/mmohud/bar_fill_freezing/horizontal/43/35.png","height":7,"ascent":-152500,"chars":[""]},{"type":"bitmap","file":"happyhud:font/assets/mmohud/bar_fill_freezing/horizontal/43/36.png","height":7,"ascent":-152500,"chars":[""]},{"type":"bitmap","file":"happyhud:font/assets/mmohud/bar_fill_freezing/horizontal/43/37.png","height":7,"ascent":-152500,"chars":[""]},{"type":"bitmap","file":"happyhud:font/assets/mmohud/bar_fill_freezing/horizontal/43/38.png","height":7,"ascent":-152500,"chars":[""]},{"type":"bitmap","file":"happyhud:font/assets/mmohud/bar_fill_freezing/horizontal/43/39.png","height":7,"ascent":-152500,"chars":[""]},{"type":"bitmap","file":"happyhud:font/assets/mmohud/bar_fill_freezing/horizontal/43/40.png","height":7,"ascent":-152500,"chars":[""]},{"type":"bitmap","file":"happyhud:font/assets/mmohud/bar_fill_freezing/horizontal/43/41.png","height":7,"ascent":-152500,"chars":[""]},{"type":"bitmap","file":"happyhud:font/assets/mmohud/bar_fill_freezing/horizontal/43/42.png","height":7,"ascent":-152500,"chars":[""]},{"type":"bitmap","file":"happyhud:font/assets/mmohud/bar_fill_freezing/horizontal/43/43.png","height":7,"ascent":-152500,"chars":[""]},{"type":"bitmap","file":"happyhud:font/assets/mmohud/bar_fill_poison/horizontal/43/1.png","height":7,"ascent":-153500,"chars":[""]},{"type":"bitmap","file":"happyhud:font/assets/mmohud/bar_fill_poison/horizontal/43/2.png","height":7,"ascent":-153500,"chars":[""]},{"type":"bitmap","file":"happyhud:font/assets/mmohud/bar_fill_poison/horizontal/43/3.png","height":7,"ascent":-153500,"chars":[""]},{"type":"bitmap","file":"happyhud:font/assets/mmohud/bar_fill_poison/horizontal/43/4.png","height":7,"ascent":-153500,"chars":[""]},{"type":"bitmap","file":"happyhud:font/assets/mmohud/bar_fill_poison/horizontal/43/5.png","height":7,"ascent":-153500,"chars":[""]},{"type":"bitmap","file":"happyhud:font/assets/mmohud/bar_fill_poison/horizontal/43/6.png","height":7,"ascent":-153500,"chars":[""]},{"type":"bitmap","file":"happyhud:font/assets/mmohud/bar_fill_poison/horizontal/43/7.png","height":7,"ascent":-153500,"chars":[""]},{"type":"bitmap","file":"happyhud:font/assets/mmohud/bar_fill_poison/horizontal/43/8.png","height":7,"ascent":-153500,"chars":[""]},{"type":"bitmap","file":"happyhud:font/assets/mmohud/bar_fill_poison/horizontal/43/9.png","height":7,"ascent":-153500,"chars":[""]},{"type":"bitmap","file":"happyhud:font/assets/mmohud/bar_fill_poison/horizontal/43/10.png","height":7,"ascent":-153500,"chars":[""]},{"type":"bitmap","file":"happyhud:font/assets/mmohud/bar_fill_poison/horizontal/43/11.png","height":7,"ascent":-153500,"chars":[""]},{"type":"bitmap","file":"happyhud:font/assets/mmohud/bar_fill_poison/horizontal/43/12.png","height":7,"ascent":-153500,"chars":[""]},{"type":"bitmap","file":"happyhud:font/assets/mmohud/bar_fill_poison/horizontal/43/13.png","height":7,"ascent":-153500,"chars":[""]},{"type":"bitmap","file":"happyhud:font/assets/mmohud/bar_fill_poison/horizontal/43/14.png","height":7,"ascent":-153500,"chars":[""]},{"type":"bitmap","file":"happyhud:font/assets/mmohud/bar_fill_poison/horizontal/43/15.png","height":7,"ascent":-153500,"chars":[""]},{"type":"bitmap","file":"happyhud:font/assets/mmohud/bar_fill_poison/horizontal/43/16.png","height":7,"ascent":-153500,"chars":[""]},{"type":"bitmap","file":"happyhud:font/assets/mmohud/bar_fill_poison/horizontal/43/17.png","height":7,"ascent":-153500,"chars":[""]},{"type":"bitmap","file":"happyhud:font/assets/mmohud/bar_fill_poison/horizontal/43/18.png","height":7,"ascent":-153500,"chars":[""]},{"type":"bitmap","file":"happyhud:font/assets/mmohud/bar_fill_poison/horizontal/43/19.png","height":7,"ascent":-153500,"chars":[""]},{"type":"bitmap","file":"happyhud:font/assets/mmohud/bar_fill_poison/horizontal/43/20.png","height":7,"ascent":-153500,"chars":[""]},{"type":"bitmap","file":"happyhud:font/assets/mmohud/bar_fill_poison/horizontal/43/21.png","height":7,"ascent":-153500,"chars":[""]},{"type":"bitmap","file":"happyhud:font/assets/mmohud/bar_fill_poison/horizontal/43/22.png","height":7,"ascent":-153500,"chars":[""]},{"type":"bitmap","file":"happyhud:font/assets/mmohud/bar_fill_poison/horizontal/43/23.png","height":7,"ascent":-153500,"chars":[""]},{"type":"bitmap","file":"happyhud:font/assets/mmohud/bar_fill_poison/horizontal/43/24.png","height":7,"ascent":-153500,"chars":[""]},{"type":"bitmap","file":"happyhud:font/assets/mmohud/bar_fill_poison/horizontal/43/25.png","height":7,"ascent":-153500,"chars":[""]},{"type":"bitmap","file":"happyhud:font/assets/mmohud/bar_fill_poison/horizontal/43/26.png","height":7,"ascent":-153500,"chars":[""]},{"type":"bitmap","file":"happyhud:font/assets/mmohud/bar_fill_poison/horizontal/43/27.png","height":7,"ascent":-153500,"chars":[""]},{"type":"bitmap","file":"happyhud:font/assets/mmohud/bar_fill_poison/horizontal/43/28.png","height":7,"ascent":-153500,"chars":[""]},{"type":"bitmap","file":"happyhud:font/assets/mmohud/bar_fill_poison/horizontal/43/29.png","height":7,"ascent":-153500,"chars":[""]},{"type":"bitmap","file":"happyhud:font/assets/mmohud/bar_fill_poison/horizontal/43/30.png","height":7,"ascent":-153500,"chars":[""]},{"type":"bitmap","file":"happyhud:font/assets/mmohud/bar_fill_poison/horizontal/43/31.png","height":7,"ascent":-153500,"chars":[""]},{"type":"bitmap","file":"happyhud:font/assets/mmohud/bar_fill_poison/horizontal/43/32.png","height":7,"ascent":-153500,"chars":[""]},{"type":"bitmap","file":"happyhud:font/assets/mmohud/bar_fill_poison/horizontal/43/33.png","height":7,"ascent":-153500,"chars":[""]},{"type":"bitmap","file":"happyhud:font/assets/mmohud/bar_fill_poison/horizontal/43/34.png","height":7,"ascent":-153500,"chars":[""]},{"type":"bitmap","file":"happyhud:font/assets/mmohud/bar_fill_poison/horizontal/43/35.png","height":7,"ascent":-153500,"chars":[""]},{"type":"bitmap","file":"happyhud:font/assets/mmohud/bar_fill_poison/horizontal/43/36.png","height":7,"ascent":-153500,"chars":[""]},{"type":"bitmap","file":"happyhud:font/assets/mmohud/bar_fill_poison/horizontal/43/37.png","height":7,"ascent":-153500,"chars":[""]},{"type":"bitmap","file":"happyhud:font/assets/mmohud/bar_fill_poison/horizontal/43/38.png","height":7,"ascent":-153500,"chars":[""]},{"type":"bitmap","file":"happyhud:font/assets/mmohud/bar_fill_poison/horizontal/43/39.png","height":7,"ascent":-153500,"chars":[""]},{"type":"bitmap","file":"happyhud:font/assets/mmohud/bar_fill_poison/horizontal/43/40.png","height":7,"ascent":-153500,"chars":[""]},{"type":"bitmap","file":"happyhud:font/assets/mmohud/bar_fill_poison/horizontal/43/41.png","height":7,"ascent":-153500,"chars":[""]},{"type":"bitmap","file":"happyhud:font/assets/mmohud/bar_fill_poison/horizontal/43/42.png","height":7,"ascent":-153500,"chars":[""]},{"type":"bitmap","file":"happyhud:font/assets/mmohud/bar_fill_poison/horizontal/43/43.png","height":7,"ascent":-153500,"chars":[""]},{"type":"bitmap","file":"happyhud:font/assets/mmohud/bar_fill_burning/horizontal/43/1.png","height":7,"ascent":-154500,"chars":[""]},{"type":"bitmap","file":"happyhud:font/assets/mmohud/bar_fill_burning/horizontal/43/2.png","height":7,"ascent":-154500,"chars":[""]},{"type":"bitmap","file":"happyhud:font/assets/mmohud/bar_fill_burning/horizontal/43/3.png","height":7,"ascent":-154500,"chars":[""]},{"type":"bitmap","file":"happyhud:font/assets/mmohud/bar_fill_burning/horizontal/43/4.png","height":7,"ascent":-154500,"chars":[""]},{"type":"bitmap","file":"happyhud:font/assets/mmohud/bar_fill_burning/horizontal/43/5.png","height":7,"ascent":-154500,"chars":[""]},{"type":"bitmap","file":"happyhud:font/assets/mmohud/bar_fill_burning/horizontal/43/6.png","height":7,"ascent":-154500,"chars":[""]},{"type":"bitmap","file":"happyhud:font/assets/mmohud/bar_fill_burning/horizontal/43/7.png","height":7,"ascent":-154500,"chars":[""]},{"type":"bitmap","file":"happyhud:font/assets/mmohud/bar_fill_burning/horizontal/43/8.png","height":7,"ascent":-154500,"chars":[""]},{"type":"bitmap","file":"happyhud:font/assets/mmohud/bar_fill_burning/horizontal/43/9.png","height":7,"ascent":-154500,"chars":[""]},{"type":"bitmap","file":"happyhud:font/assets/mmohud/bar_fill_burning/horizontal/43/10.png","height":7,"ascent":-154500,"chars":[""]},{"type":"bitmap","file":"happyhud:font/assets/mmohud/bar_fill_burning/horizontal/43/11.png","height":7,"ascent":-154500,"chars":[""]},{"type":"bitmap","file":"happyhud:font/assets/mmohud/bar_fill_burning/horizontal/43/12.png","height":7,"ascent":-154500,"chars":[""]},{"type":"bitmap","file":"happyhud:font/assets/mmohud/bar_fill_burning/horizontal/43/13.png","height":7,"ascent":-154500,"chars":[""]},{"type":"bitmap","file":"happyhud:font/assets/mmohud/bar_fill_burning/horizontal/43/14.png","height":7,"ascent":-154500,"chars":[""]},{"type":"bitmap","file":"happyhud:font/assets/mmohud/bar_fill_burning/horizontal/43/15.png","height":7,"ascent":-154500,"chars":[""]},{"type":"bitmap","file":"happyhud:font/assets/mmohud/bar_fill_burning/horizontal/43/16.png","height":7,"ascent":-154500,"chars":[""]},{"type":"bitmap","file":"happyhud:font/assets/mmohud/bar_fill_burning/horizontal/43/17.png","height":7,"ascent":-154500,"chars":[""]},{"type":"bitmap","file":"happyhud:font/assets/mmohud/bar_fill_burning/horizontal/43/18.png","height":7,"ascent":-154500,"chars":[""]},{"type":"bitmap","file":"happyhud:font/assets/mmohud/bar_fill_burning/horizontal/43/19.png","height":7,"ascent":-154500,"chars":[""]},{"type":"bitmap","file":"happyhud:font/assets/mmohud/bar_fill_burning/horizontal/43/20.png","height":7,"ascent":-154500,"chars":[""]},{"type":"bitmap","file":"happyhud:font/assets/mmohud/bar_fill_burning/horizontal/43/21.png","height":7,"ascent":-154500,"chars":[""]},{"type":"bitmap","file":"happyhud:font/assets/mmohud/bar_fill_burning/horizontal/43/22.png","height":7,"ascent":-154500,"chars":[""]},{"type":"bitmap","file":"happyhud:font/assets/mmohud/bar_fill_burning/horizontal/43/23.png","height":7,"ascent":-154500,"chars":[""]},{"type":"bitmap","file":"happyhud:font/assets/mmohud/bar_fill_burning/horizontal/43/24.png","height":7,"ascent":-154500,"chars":[""]},{"type":"bitmap","file":"happyhud:font/assets/mmohud/bar_fill_burning/horizontal/43/25.png","height":7,"ascent":-154500,"chars":[""]},{"type":"bitmap","file":"happyhud:font/assets/mmohud/bar_fill_burning/horizontal/43/26.png","height":7,"ascent":-154500,"chars":[""]},{"type":"bitmap","file":"happyhud:font/assets/mmohud/bar_fill_burning/horizontal/43/27.png","height":7,"ascent":-154500,"chars":[""]},{"type":"bitmap","file":"happyhud:font/assets/mmohud/bar_fill_burning/horizontal/43/28.png","height":7,"ascent":-154500,"chars":[""]},{"type":"bitmap","file":"happyhud:font/assets/mmohud/bar_fill_burning/horizontal/43/29.png","height":7,"ascent":-154500,"chars":[""]},{"type":"bitmap","file":"happyhud:font/assets/mmohud/bar_fill_burning/horizontal/43/30.png","height":7,"ascent":-154500,"chars":[""]},{"type":"bitmap","file":"happyhud:font/assets/mmohud/bar_fill_burning/horizontal/43/31.png","height":7,"ascent":-154500,"chars":[""]},{"type":"bitmap","file":"happyhud:font/assets/mmohud/bar_fill_burning/horizontal/43/32.png","height":7,"ascent":-154500,"chars":[""]},{"type":"bitmap","file":"happyhud:font/assets/mmohud/bar_fill_burning/horizontal/43/33.png","height":7,"ascent":-154500,"chars":[""]},{"type":"bitmap","file":"happyhud:font/assets/mmohud/bar_fill_burning/horizontal/43/34.png","height":7,"ascent":-154500,"chars":[""]},{"type":"bitmap","file":"happyhud:font/assets/mmohud/bar_fill_burning/horizontal/43/35.png","height":7,"ascent":-154500,"chars":[""]},{"type":"bitmap","file":"happyhud:font/assets/mmohud/bar_fill_burning/horizontal/43/36.png","height":7,"ascent":-154500,"chars":[""]},{"type":"bitmap","file":"happyhud:font/assets/mmohud/bar_fill_burning/horizontal/43/37.png","height":7,"ascent":-154500,"chars":[""]},{"type":"bitmap","file":"happyhud:font/assets/mmohud/bar_fill_burning/horizontal/43/38.png","height":7,"ascent":-154500,"chars":[""]},{"type":"bitmap","file":"happyhud:font/assets/mmohud/bar_fill_burning/horizontal/43/39.png","height":7,"ascent":-154500,"chars":[""]},{"type":"bitmap","file":"happyhud:font/assets/mmohud/bar_fill_burning/horizontal/43/40.png","height":7,"ascent":-154500,"chars":[""]},{"type":"bitmap","file":"happyhud:font/assets/mmohud/bar_fill_burning/horizontal/43/41.png","height":7,"ascent":-154500,"chars":[""]},{"type":"bitmap","file":"happyhud:font/assets/mmohud/bar_fill_burning/horizontal/43/42.png","height":7,"ascent":-154500,"chars":[""]},{"type":"bitmap","file":"happyhud:font/assets/mmohud/bar_fill_burning/horizontal/43/43.png","height":7,"ascent":-154500,"chars":[""]},{"type":"bitmap","file":"happyhud:font/assets/mmohud/bar_fill_absorption/horizontal/43/1.png","height":9,"ascent":-155500,"chars":[""]},{"type":"bitmap","file":"happyhud:font/assets/mmohud/bar_fill_absorption/horizontal/43/2.png","height":9,"ascent":-155500,"chars":[""]},{"type":"bitmap","file":"happyhud:font/assets/mmohud/bar_fill_absorption/horizontal/43/3.png","height":9,"ascent":-155500,"chars":[""]},{"type":"bitmap","file":"happyhud:font/assets/mmohud/bar_fill_absorption/horizontal/43/4.png","height":9,"ascent":-155500,"chars":[""]},{"type":"bitmap","file":"happyhud:font/assets/mmohud/bar_fill_absorption/horizontal/43/5.png","height":9,"ascent":-155500,"chars":[""]},{"type":"bitmap","file":"happyhud:font/assets/mmohud/bar_fill_absorption/horizontal/43/6.png","height":9,"ascent":-155500,"chars":[""]},{"type":"bitmap","file":"happyhud:font/assets/mmohud/bar_fill_absorption/horizontal/43/7.png","height":9,"ascent":-155500,"chars":[""]},{"type":"bitmap","file":"happyhud:font/assets/mmohud/bar_fill_absorption/horizontal/43/8.png","height":9,"ascent":-155500,"chars":[""]},{"type":"bitmap","file":"happyhud:font/assets/mmohud/bar_fill_absorption/horizontal/43/9.png","height":9,"ascent":-155500,"chars":[""]},{"type":"bitmap","file":"happyhud:font/assets/mmohud/bar_fill_absorption/horizontal/43/10.png","height":9,"ascent":-155500,"chars":[""]},{"type":"bitmap","file":"happyhud:font/assets/mmohud/bar_fill_absorption/horizontal/43/11.png","height":9,"ascent":-155500,"chars":[""]},{"type":"bitmap","file":"happyhud:font/assets/mmohud/bar_fill_absorption/horizontal/43/12.png","height":9,"ascent":-155500,"chars":[""]},{"type":"bitmap","file":"happyhud:font/assets/mmohud/bar_fill_absorption/horizontal/43/13.png","height":9,"ascent":-155500,"chars":[""]},{"type":"bitmap","file":"happyhud:font/assets/mmohud/bar_fill_absorption/horizontal/43/14.png","height":9,"ascent":-155500,"chars":[""]},{"type":"bitmap","file":"happyhud:font/assets/mmohud/bar_fill_absorption/horizontal/43/15.png","height":9,"ascent":-155500,"chars":[""]},{"type":"bitmap","file":"happyhud:font/assets/mmohud/bar_fill_absorption/horizontal/43/16.png","height":9,"ascent":-155500,"chars":[""]},{"type":"bitmap","file":"happyhud:font/assets/mmohud/bar_fill_absorption/horizontal/43/17.png","height":9,"ascent":-155500,"chars":[""]},{"type":"bitmap","file":"happyhud:font/assets/mmohud/bar_fill_absorption/horizontal/43/18.png","height":9,"ascent":-155500,"chars":[""]},{"type":"bitmap","file":"happyhud:font/assets/mmohud/bar_fill_absorption/horizontal/43/19.png","height":9,"ascent":-155500,"chars":[""]},{"type":"bitmap","file":"happyhud:font/assets/mmohud/bar_fill_absorption/horizontal/43/20.png","height":9,"ascent":-155500,"chars":[""]},{"type":"bitmap","file":"happyhud:font/assets/mmohud/bar_fill_absorption/horizontal/43/21.png","height":9,"ascent":-155500,"chars":[""]},{"type":"bitmap","file":"happyhud:font/assets/mmohud/bar_fill_absorption/horizontal/43/22.png","height":9,"ascent":-155500,"chars":[""]},{"type":"bitmap","file":"happyhud:font/assets/mmohud/bar_fill_absorption/horizontal/43/23.png","height":9,"ascent":-155500,"chars":[""]},{"type":"bitmap","file":"happyhud:font/assets/mmohud/bar_fill_absorption/horizontal/43/24.png","height":9,"ascent":-155500,"chars":[""]},{"type":"bitmap","file":"happyhud:font/assets/mmohud/bar_fill_absorption/horizontal/43/25.png","height":9,"ascent":-155500,"chars":[""]},{"type":"bitmap","file":"happyhud:font/assets/mmohud/bar_fill_absorption/horizontal/43/26.png","height":9,"ascent":-155500,"chars":[""]},{"type":"bitmap","file":"happyhud:font/assets/mmohud/bar_fill_absorption/horizontal/43/27.png","height":9,"ascent":-155500,"chars":[""]},{"type":"bitmap","file":"happyhud:font/assets/mmohud/bar_fill_absorption/horizontal/43/28.png","height":9,"ascent":-155500,"chars":[""]},{"type":"bitmap","file":"happyhud:font/assets/mmohud/bar_fill_absorption/horizontal/43/29.png","height":9,"ascent":-155500,"chars":[""]},{"type":"bitmap","file":"happyhud:font/assets/mmohud/bar_fill_absorption/horizontal/43/30.png","height":9,"ascent":-155500,"chars":[""]},{"type":"bitmap","file":"happyhud:font/assets/mmohud/bar_fill_absorption/horizontal/43/31.png","height":9,"ascent":-155500,"chars":[""]},{"type":"bitmap","file":"happyhud:font/assets/mmohud/bar_fill_absorption/horizontal/43/32.png","height":9,"ascent":-155500,"chars":[""]},{"type":"bitmap","file":"happyhud:font/assets/mmohud/bar_fill_absorption/horizontal/43/33.png","height":9,"ascent":-155500,"chars":[""]},{"type":"bitmap","file":"happyhud:font/assets/mmohud/bar_fill_absorption/horizontal/43/34.png","height":9,"ascent":-155500,"chars":[""]},{"type":"bitmap","file":"happyhud:font/assets/mmohud/bar_fill_absorption/horizontal/43/35.png","height":9,"ascent":-155500,"chars":[""]},{"type":"bitmap","file":"happyhud:font/assets/mmohud/bar_fill_absorption/horizontal/43/36.png","height":9,"ascent":-155500,"chars":[""]},{"type":"bitmap","file":"happyhud:font/assets/mmohud/bar_fill_absorption/horizontal/43/37.png","height":9,"ascent":-155500,"chars":[""]},{"type":"bitmap","file":"happyhud:font/assets/mmohud/bar_fill_absorption/horizontal/43/38.png","height":9,"ascent":-155500,"chars":[""]},{"type":"bitmap","file":"happyhud:font/assets/mmohud/bar_fill_absorption/horizontal/43/39.png","height":9,"ascent":-155500,"chars":[""]},{"type":"bitmap","file":"happyhud:font/assets/mmohud/bar_fill_absorption/horizontal/43/40.png","height":9,"ascent":-155500,"chars":[""]},{"type":"bitmap","file":"happyhud:font/assets/mmohud/bar_fill_absorption/horizontal/43/41.png","height":9,"ascent":-155500,"chars":[""]},{"type":"bitmap","file":"happyhud:font/assets/mmohud/bar_fill_absorption/horizontal/43/42.png","height":9,"ascent":-155500,"chars":[""]},{"type":"bitmap","file":"happyhud:font/assets/mmohud/bar_fill_absorption/horizontal/43/43.png","height":9,"ascent":-155500,"chars":[""]},{"type":"bitmap","file":"happyhud:font/assets/mmohud/icon_heart_wither.png","height":8,"ascent":-156500,"chars":[""]},{"type":"bitmap","file":"happyhud:font/assets/mmohud/icon_heart.png","height":8,"ascent":-157500,"chars":[""]},{"type":"bitmap","file":"happyhud:font/assets/mmohud/icon_heart_freezing.png","height":8,"ascent":-158500,"chars":[""]},{"type":"bitmap","file":"happyhud:font/assets/mmohud/icon_heart_poison.png","height":5,"ascent":-159500,"chars":[""]},{"type":"bitmap","file":"happyhud:font/assets/mmohud/icon_heart_burning.png","height":6,"ascent":-160500,"chars":[""]},{"type":"bitmap","file":"happyhud:font/assets/mmohud/icon_heart_absorption.png","height":8,"ascent":-161500,"chars":[""]}]}